flight_date,flight_status,departure,arrival,airline,flight,aircraft,live
2024-09-16,scheduled,"{'airport': 'Lishe International Airport', 'timezone': 'Asia/Shanghai', 'iata': 'NGB', 'icao': 'ZSNB', 'terminal': None, 'gate': None, 'delay': None, 'scheduled': '2024-09-16T00:05:00+00:00', 'estimated': '2024-09-16T00:05:00+00:00', 'actual': None, 'estimated_runway': None, 'actual_runway': None}","{'airport': 'Seoul (Incheon)', 'timezone': 'Asia/Seoul', 'iata': 'ICN', 'icao': 'RKSI', 'terminal': None, 'gate': None, 'baggage': None, 'delay': None, 'scheduled': '2024-09-16T03:15:00+00:00', 'estimated': '2024-09-16T03:15:00+00:00', 'actual': None, 'estimated_runway': None, 'actual_runway': None}","{'name': 'YTO Cargo Airlines', 'iata': 'YG', 'icao': 'HYT'}","{'number': '9021', 'iata': 'YG9021', 'icao': 'HYT9021', 'codeshared': None}",,
2024-09-16,scheduled,"{'airport': 'Faleolo', 'timezone': 'Pacific/Apia', 'iata': 'APW', 'icao': 'NSFA', 'terminal': None, 'gate': None, 'delay': None, 'scheduled': '2024-09-16T05:00:00+00:00', 'estimated': '2024-09-16T05:00:00+00:00', 'actual': None, 'estimated_runway': None, 'actual_runway': None}","{'airport': 'Nadi International', 'timezone': 'Pacific/Fiji', 'iata': 'NAN', 'icao': 'NFFN', 'terminal': None, 'gate': None, 'baggage': None, 'delay': None, 'scheduled': '2024-09-16T06:05:00+00:00', 'estimated': '2024-09-16T06:05:00+00:00', 'actual': None, 'estimated_runway': None, 'actual_runway': None}","{'name': 'Fiji Airways', 'iata': 'FJ', 'icao': 'FJI'}","{'number': '252', 'iata': 'FJ252', 'icao': 'FJI252', 'codeshared': None}",,
2024-09-16,scheduled,"{'airport': 'Weihai', 'timezone': 'Asia/Shanghai', 'iata': 'WEH', 'icao': 'ZSWH', 'terminal': None, 'gate': None, 'delay': None, 'scheduled': '2024-09-16T00:05:00+00:00', 'estimated': '2024-09-16T00:05:00+00:00', 'actual': None, 'estimated_runway': None, 'actual_runway': None}","{'airport': 'Jinjiang', 'timezone': 'Asia/Shanghai', 'iata': 'JJN', 'icao': 'ZSQZ', 'terminal': None, 'gate': None, 'baggage': None, 'delay': None, 'scheduled': '2024-09-16T02:05:00+00:00', 'estimated': '2024-09-16T02:05:00+00:00', 'actual': None, 'estimated_runway': None, 'actual_runway': None}","{'name': 'SF Airlines', 'iata': 'O3', 'icao': 'CSS'}","{'number': '7083', 'iata': 'O37083', 'icao': 'CSS7083', 'codeshared': None}",,
2024-09-16,scheduled,"{'airport': 'Weihai', 'timezone': 'Asia/Shanghai', 'iata': 'WEH', 'icao': 'ZSWH', 'terminal': None, 'gate': None, 'delay': None, 'scheduled': '2024-09-16T00:05:00+00:00', 'estimated': '2024-09-16T00:05:00+00:00', 'actual': None, 'estimated_runway': None, 'actual_runway': None}","{'airport': 'Kansai International', 'timezone': 'Asia/Tokyo', 'iata': 'KIX', 'icao': 'RJBB', 'terminal': None, 'gate': None, 'baggage': None, 'delay': None, 'scheduled': '2024-09-16T03:55:00+00:00', 'estimated': '2024-09-16T03:55:00+00:00', 'actual': None, 'estimated_runway': None, 'actual_runway': None}","{'name': 'Tianjin Air Cargo', 'iata': 'HT', 'icao': 'CTJ'}","{'number': '3811', 'iata': 'HT3811', 'icao': 'CTJ3811', 'codeshared': None}",,
2024-09-16,scheduled,"{'airport': 'Haikou', 'timezone': 'Asia/Shanghai', 'iata': 'HAK', 'icao': 'ZJHK', 'terminal': None, 'gate': None, 'delay': None, 'scheduled': '2024-09-16T00:05:00+00:00', 'estimated': '2024-09-16T00:05:00+00:00', 'actual': None, 'estimated_runway': None, 'actual_runway': None}","{'airport': 'Nanjing Lukou International Airport', 'timezone': 'Asia/Shanghai', 'iata': 'NKG', 'icao': 'ZSNJ', 'terminal': None, 'gate': None, 'baggage': None, 'delay': None, 'scheduled': '2024-09-16T02:45:00+00:00', 'estimated': '2024-09-16T02:45:00+00:00', 'actual': None, 'estimated_runway': None, 'actual_runway': None}","{'name': 'China Postal Airlines', 'iata': 'CF', 'icao': 'CYZ'}","{'number': '9051', 'iata': 'CF9051', 'icao': 'CYZ9051', 'codeshared': None}",,
2024-09-16,scheduled,"{'airport': 'Xiamen', 'timezone': 'Asia/Shanghai', 'iata': 'XMN', 'icao': 'ZSAM', 'terminal': None, 'gate': None, 'delay': None, 'scheduled': '2024-09-16T00:05:00+00:00', 'estimated': '2024-09-16T00:05:00+00:00', 'actual': None, 'estimated_runway': None, 'actual_runway': None}","{'airport': 'Fuzhou', 'timezone': 'Asia/Shanghai', 'iata': 'FOC', 'icao': 'ZSFZ', 'terminal': None, 'gate': None, 'baggage': None, 'delay': None, 'scheduled': '2024-09-16T01:00:00+00:00', 'estimated': '2024-09-16T01:00:00+00:00', 'actual': None, 'estimated_runway': None, 'actual_runway': None}","{'name': 'China Postal Airlines', 'iata': 'CF', 'icao': 'CYZ'}","{'number': '9004', 'iata': 'CF9004', 'icao': 'CYZ9004', 'codeshared': None}",,
2024-09-16,scheduled,"{'airport': 'Darwin', 'timezone': 'Australia/Darwin', 'iata': 'DRW', 'icao': 'YPDN', 'terminal': None, 'gate': '3', 'delay': None, 'scheduled': '2024-09-16T01:30:00+00:00', 'estimated': '2024-09-16T01:30:00+00:00', 'actual': None, 'estimated_runway': None, 'actual_runway': None}","{'airport': 'Sydney Kingsford Smith Airport', 'timezone': 'Australia/Sydney', 'iata': 'SYD', 'icao': 'YSSY', 'terminal': '3', 'gate': 'T3G', 'baggage': 'QFR', 'delay': None, 'scheduled': '2024-09-16T06:15:00+00:00', 'estimated': '2024-09-16T06:15:00+00:00', 'actual': None, 'estimated_runway': None, 'actual_runway': None}","{'name': 'Qantas', 'iata': 'QF', 'icao': 'QFA'}","{'number': '843', 'iata': 'QF843', 'icao': 'QFA843', 'codeshared': None}",,
2024-09-16,scheduled,"{'airport': 'Darwin', 'timezone': 'Australia/Darwin', 'iata': 'DRW', 'icao': 'YPDN', 'terminal': None, 'gate': '3', 'delay': None, 'scheduled': '2024-09-16T01:30:00+00:00', 'estimated': '2024-09-16T01:30:00+00:00', 'actual': None, 'estimated_runway': None, 'actual_runway': None}","{'airport': 'Sydney Kingsford Smith Airport', 'timezone': 'Australia/Sydney', 'iata': 'SYD', 'icao': 'YSSY', 'terminal': '3', 'gate': 'T3G', 'baggage': 'QFR', 'delay': None, 'scheduled': '2024-09-16T06:15:00+00:00', 'estimated': '2024-09-16T06:15:00+00:00', 'actual': None, 'estimated_runway': None, 'actual_runway': None}","{'name': 'Air France', 'iata': 'AF', 'icao': 'AFR'}","{'number': '9689', 'iata': 'AF9689', 'icao': 'AFR9689', 'codeshared': {'airline_name': 'qantas', 'airline_iata': 'qf', 'airline_icao': 'qfa', 'flight_number': '843', 'flight_iata': 'qf843', 'flight_icao': 'qfa843'}}",,
2024-09-16,scheduled,"{'airport': 'Darwin', 'timezone': 'Australia/Darwin', 'iata': 'DRW', 'icao': 'YPDN', 'terminal': None, 'gate': '3', 'delay': None, 'scheduled': '2024-09-16T01:30:00+00:00', 'estimated': '2024-09-16T01:30:00+00:00', 'actual': None, 'estimated_runway': None, 'actual_runway': None}","{'airport': 'Sydney Kingsford Smith Airport', 'timezone': 'Australia/Sydney', 'iata': 'SYD', 'icao': 'YSSY', 'terminal': '3', 'gate': 'T3G', 'baggage': 'QFR', 'delay': None, 'scheduled': '2024-09-16T06:15:00+00:00', 'estimated': '2024-09-16T06:15:00+00:00', 'actual': None, 'estimated_runway': None, 'actual_runway': None}","{'name': 'American Airlines', 'iata': 'AA', 'icao': 'AAL'}","{'number': '7300', 'iata': 'AA7300', 'icao': 'AAL7300', 'codeshared': {'airline_name': 'qantas', 'airline_iata': 'qf', 'airline_icao': 'qfa', 'flight_number': '843', 'flight_iata': 'qf843', 'flight_icao': 'qfa843'}}",,
2024-09-16,scheduled,"{'airport': 'Darwin', 'timezone': 'Australia/Darwin', 'iata': 'DRW', 'icao': 'YPDN', 'terminal': None, 'gate': '3', 'delay': None, 'scheduled': '2024-09-16T01:30:00+00:00', 'estimated': '2024-09-16T01:30:00+00:00', 'actual': None, 'estimated_runway': None, 'actual_runway': None}","{'airport': 'Sydney Kingsford Smith Airport', 'timezone': 'Australia/Sydney', 'iata': 'SYD', 'icao': 'YSSY', 'terminal': '3', 'gate': 'T3G', 'baggage': 'QFR', 'delay': None, 'scheduled': '2024-09-16T06:15:00+00:00', 'estimated': '2024-09-16T06:15:00+00:00', 'actual': None, 'estimated_runway': None, 'actual_runway': None}","{'name': 'Fiji Airways', 'iata': 'FJ', 'icao': 'FJI'}","{'number': '5290', 'iata': 'FJ5290', 'icao': 'FJI5290', 'codeshared': {'airline_name': 'qantas', 'airline_iata': 'qf', 'airline_icao': 'qfa', 'flight_number': '843', 'flight_iata': 'qf843', 'flight_icao': 'qfa843'}}",,
2024-09-16,scheduled,"{'airport': 'Darwin', 'timezone': 'Australia/Darwin', 'iata': 'DRW', 'icao': 'YPDN', 'terminal': None, 'gate': '3', 'delay': None, 'scheduled': '2024-09-16T01:30:00+00:00', 'estimated': '2024-09-16T01:30:00+00:00', 'actual': None, 'estimated_runway': None, 'actual_runway': None}","{'airport': 'Sydney Kingsford Smith Airport', 'timezone': 'Australia/Sydney', 'iata': 'SYD', 'icao': 'YSSY', 'terminal': '3', 'gate': 'T3G', 'baggage': 'QFR', 'delay': None, 'scheduled': '2024-09-16T06:15:00+00:00', 'estimated': '2024-09-16T06:15:00+00:00', 'actual': None, 'estimated_runway': None, 'actual_runway': None}","{'name': 'Air New Zealand', 'iata': 'NZ', 'icao': 'ANZ'}","{'number': '7843', 'iata': 'NZ7843', 'icao': 'ANZ7843', 'codeshared': {'airline_name': 'qantas', 'airline_iata': 'qf', 'airline_icao': 'qfa', 'flight_number': '843', 'flight_iata': 'qf843', 'flight_icao': 'qfa843'}}",,
2024-09-16,scheduled,"{'airport': 'Darwin', 'timezone': 'Australia/Darwin', 'iata': 'DRW', 'icao': 'YPDN', 'terminal': None, 'gate': None, 'delay': None, 'scheduled': '2024-09-16T01:30:00+00:00', 'estimated': '2024-09-16T01:30:00+00:00', 'actual': None, 'estimated_runway': None, 'actual_runway': None}","{'airport': 'Brisbane International', 'timezone': 'Australia/Brisbane', 'iata': 'BNE', 'icao': 'YBBN', 'terminal': 'D', 'gate': None, 'baggage': None, 'delay': None, 'scheduled': '2024-09-16T05:40:00+00:00', 'estimated': '2024-09-16T05:40:00+00:00', 'actual': None, 'estimated_runway': None, 'actual_runway': None}","{'name': 'Jetstar', 'iata': 'JQ', 'icao': 'JST'}","{'number': '673', 'iata': 'JQ673', 'icao': 'JST673', 'codeshared': None}",,
2024-09-16,scheduled,"{'airport': 'Darwin', 'timezone': 'Australia/Darwin', 'iata': 'DRW', 'icao': 'YPDN', 'terminal': None, 'gate': None, 'delay': None, 'scheduled': '2024-09-16T01:30:00+00:00', 'estimated': '2024-09-16T01:30:00+00:00', 'actual': None, 'estimated_runway': None, 'actual_runway': None}","{'airport': 'Brisbane International', 'timezone': 'Australia/Brisbane', 'iata': 'BNE', 'icao': 'YBBN', 'terminal': 'D', 'gate': None, 'baggage': None, 'delay': None, 'scheduled': '2024-09-16T05:40:00+00:00', 'estimated': '2024-09-16T05:40:00+00:00', 'actual': None, 'estimated_runway': None, 'actual_runway': None}","{'name': 'Qantas', 'iata': 'QF', 'icao': 'QFA'}","{'number': '5673', 'iata': 'QF5673', 'icao': 'QFA5673', 'codeshared': {'airline_name': 'jetstar', 'airline_iata': 'jq', 'airline_icao': 'jst', 'flight_number': '673', 'flight_iata': 'jq673', 'flight_icao': 'jst673'}}",,
2024-09-16,scheduled,"{'airport': 'Darwin', 'timezone': 'Australia/Darwin', 'iata': 'DRW', 'icao': 'YPDN', 'terminal': None, 'gate': '7', 'delay': None, 'scheduled': '2024-09-16T01:20:00+00:00', 'estimated': '2024-09-16T01:20:00+00:00', 'actual': None, 'estimated_runway': None, 'actual_runway': None}","{'airport': 'Melbourne - Tullamarine Airport', 'timezone': 'Australia/Melbourne', 'iata': 'MEL', 'icao': 'YMML', 'terminal': '1', 'gate': '7', 'baggage': None, 'delay': None, 'scheduled': '2024-09-16T06:00:00+00:00', 'estimated': '2024-09-16T06:00:00+00:00', 'actual': None, 'estimated_runway': None, 'actual_runway': None}","{'name': 'Qantas', 'iata': 'QF', 'icao': 'QFA'}","{'number': '839', 'iata': 'QF839', 'icao': 'QFA839', 'codeshared': None}",,
2024-09-16,scheduled,"{'airport': 'Darwin', 'timezone': 'Australia/Darwin', 'iata': 'DRW', 'icao': 'YPDN', 'terminal': None, 'gate': '7', 'delay': None, 'scheduled': '2024-09-16T01:20:00+00:00', 'estimated': '2024-09-16T01:20:00+00:00', 'actual': None, 'estimated_runway': None, 'actual_runway': None}","{'airport': 'Melbourne - Tullamarine Airport', 'timezone': 'Australia/Melbourne', 'iata': 'MEL', 'icao': 'YMML', 'terminal': '1', 'gate': '7', 'baggage': None, 'delay': None, 'scheduled': '2024-09-16T06:00:00+00:00', 'estimated': '2024-09-16T06:00:00+00:00', 'actual': None, 'estimated_runway': None, 'actual_runway': None}","{'name': 'China Eastern Airlines', 'iata': 'MU', 'icao': 'CES'}","{'number': '4103', 'iata': 'MU4103', 'icao': 'CES4103', 'codeshared': {'airline_name': 'qantas', 'airline_iata': 'qf', 'airline_icao': 'qfa', 'flight_number': '839', 'flight_iata': 'qf839', 'flight_icao': 'qfa839'}}",,
2024-09-16,scheduled,"{'airport': 'Darwin', 'timezone': 'Australia/Darwin', 'iata': 'DRW', 'icao': 'YPDN', 'terminal': None, 'gate': '7', 'delay': None, 'scheduled': '2024-09-16T01:20:00+00:00', 'estimated': '2024-09-16T01:20:00+00:00', 'actual': None, 'estimated_runway': None, 'actual_runway': None}","{'airport': 'Melbourne - Tullamarine Airport', 'timezone': 'Australia/Melbourne', 'iata': 'MEL', 'icao': 'YMML', 'terminal': '1', 'gate': '7', 'baggage': None, 'delay': None, 'scheduled': '2024-09-16T06:00:00+00:00', 'estimated': '2024-09-16T06:00:00+00:00', 'actual': None, 'estimated_runway': None, 'actual_runway': None}","{'name': 'Air New Zealand', 'iata': 'NZ', 'icao': 'ANZ'}","{'number': '7839', 'iata': 'NZ7839', 'icao': 'ANZ7839', 'codeshared': {'airline_name': 'qantas', 'airline_iata': 'qf', 'airline_icao': 'qfa', 'flight_number': '839', 'flight_iata': 'qf839', 'flight_icao': 'qfa839'}}",,
2024-09-16,scheduled,"{'airport': 'Darwin', 'timezone': 'Australia/Darwin', 'iata': 'DRW', 'icao': 'YPDN', 'terminal': None, 'gate': None, 'delay': None, 'scheduled': '2024-09-16T01:20:00+00:00', 'estimated': '2024-09-16T01:20:00+00:00', 'actual': None, 'estimated_runway': None, 'actual_runway': None}","{'airport': 'Sydney Kingsford Smith Airport', 'timezone': 'Australia/Sydney', 'iata': 'SYD', 'icao': 'YSSY', 'terminal': '2', 'gate': 'A49', 'baggage': 'D4', 'delay': None, 'scheduled': '2024-09-16T06:10:00+00:00', 'estimated': '2024-09-16T06:10:00+00:00', 'actual': None, 'estimated_runway': None, 'actual_runway': None}","{'name': 'Jetstar', 'iata': 'JQ', 'icao': 'JST'}","{'number': '671', 'iata': 'JQ671', 'icao': 'JST671', 'codeshared': None}",,
2024-09-16,scheduled,"{'airport': 'Darwin', 'timezone': 'Australia/Darwin', 'iata': 'DRW', 'icao': 'YPDN', 'terminal': None, 'gate': None, 'delay': None, 'scheduled': '2024-09-16T01:20:00+00:00', 'estimated': '2024-09-16T01:20:00+00:00', 'actual': None, 'estimated_runway': None, 'actual_runway': None}","{'airport': 'Sydney Kingsford Smith Airport', 'timezone': 'Australia/Sydney', 'iata': 'SYD', 'icao': 'YSSY', 'terminal': '2', 'gate': 'A49', 'baggage': 'D4', 'delay': None, 'scheduled': '2024-09-16T06:10:00+00:00', 'estimated': '2024-09-16T06:10:00+00:00', 'actual': None, 'estimated_runway': None, 'actual_runway': None}","{'name': 'Qantas', 'iata': 'QF', 'icao': 'QFA'}","{'number': '5671', 'iata': 'QF5671', 'icao': 'QFA5671', 'codeshared': {'airline_name': 'jetstar', 'airline_iata': 'jq', 'airline_icao': 'jst', 'flight_number': '671', 'flight_iata': 'jq671', 'flight_icao': 'jst671'}}",,
2024-09-16,scheduled,"{'airport': 'Darwin', 'timezone': 'Australia/Darwin', 'iata': 'DRW', 'icao': 'YPDN', 'terminal': None, 'gate': None, 'delay': None, 'scheduled': '2024-09-16T01:20:00+00:00', 'estimated': '2024-09-16T01:20:00+00:00', 'actual': None, 'estimated_runway': None, 'actual_runway': None}","{'airport': 'Sydney Kingsford Smith Airport', 'timezone': 'Australia/Sydney', 'iata': 'SYD', 'icao': 'YSSY', 'terminal': '2', 'gate': 'A49', 'baggage': 'D4', 'delay': None, 'scheduled': '2024-09-16T06:10:00+00:00', 'estimated': '2024-09-16T06:10:00+00:00', 'actual': None, 'estimated_runway': None, 'actual_runway': None}","{'name': 'LATAM Airlines', 'iata': 'LA', 'icao': 'LAN'}","{'number': '5713', 'iata': 'LA5713', 'icao': 'LAN5713', 'codeshared': {'airline_name': 'jetstar', 'airline_iata': 'jq', 'airline_icao': 'jst', 'flight_number': '671', 'flight_iata': 'jq671', 'flight_icao': 'jst671'}}",,
2024-09-16,scheduled,"{'airport': 'Darwin', 'timezone': 'Australia/Darwin', 'iata': 'DRW', 'icao': 'YPDN', 'terminal': None, 'gate': '5', 'delay': None, 'scheduled': '2024-09-16T01:15:00+00:00', 'estimated': '2024-09-16T01:15:00+00:00', 'actual': None, 'estimated_runway': None, 'actual_runway': None}","{'airport': 'Brisbane International', 'timezone': 'Australia/Brisbane', 'iata': 'BNE', 'icao': 'YBBN', 'terminal': 'D', 'gate': None, 'baggage': None, 'delay': None, 'scheduled': '2024-09-16T05:35:00+00:00', 'estimated': '2024-09-16T05:35:00+00:00', 'actual': None, 'estimated_runway': None, 'actual_runway': None}","{'name': 'Qantas', 'iata': 'QF', 'icao': 'QFA'}","{'number': '827', 'iata': 'QF827', 'icao': 'QFA827', 'codeshared': None}",,
2024-09-16,scheduled,"{'airport': 'Darwin', 'timezone': 'Australia/Darwin', 'iata': 'DRW', 'icao': 'YPDN', 'terminal': None, 'gate': '5', 'delay': None, 'scheduled': '2024-09-16T01:15:00+00:00', 'estimated': '2024-09-16T01:15:00+00:00', 'actual': None, 'estimated_runway': None, 'actual_runway': None}","{'airport': 'Brisbane International', 'timezone': 'Australia/Brisbane', 'iata': 'BNE', 'icao': 'YBBN', 'terminal': 'D', 'gate': None, 'baggage': None, 'delay': None, 'scheduled': '2024-09-16T05:35:00+00:00', 'estimated': '2024-09-16T05:35:00+00:00', 'actual': None, 'estimated_runway': None, 'actual_runway': None}","{'name': 'Air New Zealand', 'iata': 'NZ', 'icao': 'ANZ'}","{'number': '7221', 'iata': 'NZ7221', 'icao': 'ANZ7221', 'codeshared': {'airline_name': 'qantas', 'airline_iata': 'qf', 'airline_icao': 'qfa', 'flight_number': '827', 'flight_iata': 'qf827', 'flight_icao': 'qfa827'}}",,
2024-09-16,scheduled,"{'airport': 'Darwin', 'timezone': 'Australia/Darwin', 'iata': 'DRW', 'icao': 'YPDN', 'terminal': None, 'gate': '5', 'delay': None, 'scheduled': '2024-09-16T01:15:00+00:00', 'estimated': '2024-09-16T01:15:00+00:00', 'actual': None, 'estimated_runway': None, 'actual_runway': None}","{'airport': 'Brisbane International', 'timezone': 'Australia/Brisbane', 'iata': 'BNE', 'icao': 'YBBN', 'terminal': 'D', 'gate': None, 'baggage': None, 'delay': None, 'scheduled': '2024-09-16T05:35:00+00:00', 'estimated': '2024-09-16T05:35:00+00:00', 'actual': None, 'estimated_runway': None, 'actual_runway': None}","{'name': 'American Airlines', 'iata': 'AA', 'icao': 'AAL'}","{'number': '7377', 'iata': 'AA7377', 'icao': 'AAL7377', 'codeshared': {'airline_name': 'qantas', 'airline_iata': 'qf', 'airline_icao': 'qfa', 'flight_number': '827', 'flight_iata': 'qf827', 'flight_icao': 'qfa827'}}",,
2024-09-16,scheduled,"{'airport': 'Darwin', 'timezone': 'Australia/Darwin', 'iata': 'DRW', 'icao': 'YPDN', 'terminal': None, 'gate': '5', 'delay': None, 'scheduled': '2024-09-16T01:15:00+00:00', 'estimated': '2024-09-16T01:15:00+00:00', 'actual': None, 'estimated_runway': None, 'actual_runway': None}","{'airport': 'Brisbane International', 'timezone': 'Australia/Brisbane', 'iata': 'BNE', 'icao': 'YBBN', 'terminal': 'D', 'gate': None, 'baggage': None, 'delay': None, 'scheduled': '2024-09-16T05:35:00+00:00', 'estimated': '2024-09-16T05:35:00+00:00', 'actual': None, 'estimated_runway': None, 'actual_runway': None}","{'name': 'Air New Zealand', 'iata': 'NZ', 'icao': 'ANZ'}","{'number': '7422', 'iata': 'NZ7422', 'icao': 'ANZ7422', 'codeshared': {'airline_name': 'qantas', 'airline_iata': 'qf', 'airline_icao': 'qfa', 'flight_number': '827', 'flight_iata': 'qf827', 'flight_icao': 'qfa827'}}",,
2024-09-16,scheduled,"{'airport': 'Darwin', 'timezone': 'Australia/Darwin', 'iata': 'DRW', 'icao': 'YPDN', 'terminal': None, 'gate': None, 'delay': None, 'scheduled': '2024-09-16T00:55:00+00:00', 'estimated': '2024-09-16T00:55:00+00:00', 'actual': None, 'estimated_runway': None, 'actual_runway': None}","{'airport': 'Melbourne - Tullamarine Airport', 'timezone': 'Australia/Melbourne', 'iata': 'MEL', 'icao': 'YMML', 'terminal': '4', 'gate': None, 'baggage': None, 'delay': None, 'scheduled': '2024-09-16T05:35:00+00:00', 'estimated': '2024-09-16T05:35:00+00:00', 'actual': None, 'estimated_runway': None, 'actual_runway': None}","{'name': 'Jetstar', 'iata': 'JQ', 'icao': 'JST'}","{'number': '677', 'iata': 'JQ677', 'icao': 'JST677', 'codeshared': None}",,
2024-09-16,scheduled,"{'airport': 'Darwin', 'timezone': 'Australia/Darwin', 'iata': 'DRW', 'icao': 'YPDN', 'terminal': None, 'gate': None, 'delay': None, 'scheduled': '2024-09-16T00:55:00+00:00', 'estimated': '2024-09-16T00:55:00+00:00', 'actual': None, 'estimated_runway': None, 'actual_runway': None}","{'airport': 'Melbourne - Tullamarine Airport', 'timezone': 'Australia/Melbourne', 'iata': 'MEL', 'icao': 'YMML', 'terminal': '4', 'gate': None, 'baggage': None, 'delay': None, 'scheduled': '2024-09-16T05:35:00+00:00', 'estimated': '2024-09-16T05:35:00+00:00', 'actual': None, 'estimated_runway': None, 'actual_runway': None}","{'name': 'Qantas', 'iata': 'QF', 'icao': 'QFA'}","{'number': '5677', 'iata': 'QF5677', 'icao': 'QFA5677', 'codeshared': {'airline_name': 'jetstar', 'airline_iata': 'jq', 'airline_icao': 'jst', 'flight_number': '677', 'flight_iata': 'jq677', 'flight_icao': 'jst677'}}",,
2024-09-16,scheduled,"{'airport': 'Darwin', 'timezone': 'Australia/Darwin', 'iata': 'DRW', 'icao': 'YPDN', 'terminal': None, 'gate': None, 'delay': None, 'scheduled': '2024-09-16T00:40:00+00:00', 'estimated': '2024-09-16T00:40:00+00:00', 'actual': None, 'estimated_runway': None, 'actual_runway': None}","{'airport': 'Melbourne - Tullamarine Airport', 'timezone': 'Australia/Melbourne', 'iata': 'MEL', 'icao': 'YMML', 'terminal': '3', 'gate': '17', 'baggage': None, 'delay': None, 'scheduled': '2024-09-16T05:20:00+00:00', 'estimated': '2024-09-16T05:20:00+00:00', 'actual': None, 'estimated_runway': None, 'actual_runway': None}","{'name': 'Virgin Australia', 'iata': 'VA', 'icao': 'VOZ'}","{'number': '1456', 'iata': 'VA1456', 'icao': 'VOZ1456', 'codeshared': None}",,
2024-09-16,scheduled,"{'airport': 'Darwin', 'timezone': 'Australia/Darwin', 'iata': 'DRW', 'icao': 'YPDN', 'terminal': None, 'gate': None, 'delay': None, 'scheduled': '2024-09-16T00:40:00+00:00', 'estimated': '2024-09-16T00:40:00+00:00', 'actual': None, 'estimated_runway': None, 'actual_runway': None}","{'airport': 'Melbourne - Tullamarine Airport', 'timezone': 'Australia/Melbourne', 'iata': 'MEL', 'icao': 'YMML', 'terminal': '3', 'gate': '17', 'baggage': None, 'delay': None, 'scheduled': '2024-09-16T05:20:00+00:00', 'estimated': '2024-09-16T05:20:00+00:00', 'actual': None, 'estimated_runway': None, 'actual_runway': None}","{'name': 'United Airlines', 'iata': 'UA', 'icao': 'UAL'}","{'number': '7390', 'iata': 'UA7390', 'icao': 'UAL7390', 'codeshared': {'airline_name': 'virgin australia', 'airline_iata': 'va', 'airline_icao': 'voz', 'flight_number': '1456', 'flight_iata': 'va1456', 'flight_icao': 'voz1456'}}",,
2024-09-16,scheduled,"{'airport': 'Darwin', 'timezone': 'Australia/Darwin', 'iata': 'DRW', 'icao': 'YPDN', 'terminal': None, 'gate': None, 'delay': None, 'scheduled': '2024-09-16T00:40:00+00:00', 'estimated': '2024-09-16T00:40:00+00:00', 'actual': None, 'estimated_runway': None, 'actual_runway': None}","{'airport': 'Melbourne - Tullamarine Airport', 'timezone': 'Australia/Melbourne', 'iata': 'MEL', 'icao': 'YMML', 'terminal': '3', 'gate': '17', 'baggage': None, 'delay': None, 'scheduled': '2024-09-16T05:20:00+00:00', 'estimated': '2024-09-16T05:20:00+00:00', 'actual': None, 'estimated_runway': None, 'actual_runway': None}","{'name': 'United Airlines', 'iata': 'UA', 'icao': 'UAL'}","{'number': '7389', 'iata': 'UA7389', 'icao': 'UAL7389', 'codeshared': {'airline_name': 'virgin australia', 'airline_iata': 'va', 'airline_icao': 'voz', 'flight_number': '1456', 'flight_iata': 'va1456', 'flight_icao': 'voz1456'}}",,
2024-09-16,scheduled,"{'airport': 'Darwin', 'timezone': 'Australia/Darwin', 'iata': 'DRW', 'icao': 'YPDN', 'terminal': None, 'gate': None, 'delay': None, 'scheduled': '2024-09-16T00:40:00+00:00', 'estimated': '2024-09-16T00:40:00+00:00', 'actual': None, 'estimated_runway': None, 'actual_runway': None}","{'airport': 'Melbourne - Tullamarine Airport', 'timezone': 'Australia/Melbourne', 'iata': 'MEL', 'icao': 'YMML', 'terminal': '3', 'gate': '17', 'baggage': None, 'delay': None, 'scheduled': '2024-09-16T05:20:00+00:00', 'estimated': '2024-09-16T05:20:00+00:00', 'actual': None, 'estimated_runway': None, 'actual_runway': None}","{'name': 'Singapore Airlines', 'iata': 'SQ', 'icao': 'SIA'}","{'number': '6573', 'iata': 'SQ6573', 'icao': 'SIA6573', 'codeshared': {'airline_name': 'virgin australia', 'airline_iata': 'va', 'airline_icao': 'voz', 'flight_number': '1456', 'flight_iata': 'va1456', 'flight_icao': 'voz1456'}}",,
2024-09-16,scheduled,"{'airport': 'Darwin', 'timezone': 'Australia/Darwin', 'iata': 'DRW', 'icao': 'YPDN', 'terminal': None, 'gate': None, 'delay': None, 'scheduled': '2024-09-16T00:40:00+00:00', 'estimated': '2024-09-16T00:40:00+00:00', 'actual': None, 'estimated_runway': None, 'actual_runway': None}","{'airport': 'Melbourne - Tullamarine Airport', 'timezone': 'Australia/Melbourne', 'iata': 'MEL', 'icao': 'YMML', 'terminal': '3', 'gate': '17', 'baggage': None, 'delay': None, 'scheduled': '2024-09-16T05:20:00+00:00', 'estimated': '2024-09-16T05:20:00+00:00', 'actual': None, 'estimated_runway': None, 'actual_runway': None}","{'name': 'Qatar Airways', 'iata': 'QR', 'icao': 'QTR'}","{'number': '7160', 'iata': 'QR7160', 'icao': 'QTR7160', 'codeshared': {'airline_name': 'virgin australia', 'airline_iata': 'va', 'airline_icao': 'voz', 'flight_number': '1456', 'flight_iata': 'va1456', 'flight_icao': 'voz1456'}}",,
2024-09-16,scheduled,"{'airport': 'Darwin', 'timezone': 'Australia/Darwin', 'iata': 'DRW', 'icao': 'YPDN', 'terminal': None, 'gate': None, 'delay': None, 'scheduled': '2024-09-16T00:40:00+00:00', 'estimated': '2024-09-16T00:40:00+00:00', 'actual': None, 'estimated_runway': None, 'actual_runway': None}","{'airport': 'Melbourne - Tullamarine Airport', 'timezone': 'Australia/Melbourne', 'iata': 'MEL', 'icao': 'YMML', 'terminal': '3', 'gate': '17', 'baggage': None, 'delay': None, 'scheduled': '2024-09-16T05:20:00+00:00', 'estimated': '2024-09-16T05:20:00+00:00', 'actual': None, 'estimated_runway': None, 'actual_runway': None}","{'name': 'Etihad Airways', 'iata': 'EY', 'icao': 'ETD'}","{'number': '6378', 'iata': 'EY6378', 'icao': 'ETD6378', 'codeshared': {'airline_name': 'virgin australia', 'airline_iata': 'va', 'airline_icao': 'voz', 'flight_number': '1456', 'flight_iata': 'va1456', 'flight_icao': 'voz1456'}}",,
2024-09-16,scheduled,"{'airport': 'Tianjin Binhai International', 'timezone': 'Asia/Shanghai', 'iata': 'TSN', 'icao': 'ZBTJ', 'terminal': None, 'gate': None, 'delay': None, 'scheduled': '2024-09-16T00:05:00+00:00', 'estimated': '2024-09-16T00:05:00+00:00', 'actual': None, 'estimated_runway': None, 'actual_runway': None}","{'airport': 'Fuzhou', 'timezone': 'Asia/Shanghai', 'iata': 'FOC', 'icao': 'ZSFZ', 'terminal': None, 'gate': None, 'baggage': None, 'delay': None, 'scheduled': '2024-09-16T02:40:00+00:00', 'estimated': '2024-09-16T02:40:00+00:00', 'actual': None, 'estimated_runway': None, 'actual_runway': None}","{'name': 'China Postal Airlines', 'iata': 'CF', 'icao': 'CYZ'}","{'number': '9054', 'iata': 'CF9054', 'icao': 'CYZ9054', 'codeshared': None}",,
2024-09-16,scheduled,"{'airport': 'Tianjin Binhai International', 'timezone': 'Asia/Shanghai', 'iata': 'TSN', 'icao': 'ZBTJ', 'terminal': '2', 'gate': 'B', 'delay': None, 'scheduled': '2024-09-16T00:01:00+00:00', 'estimated': '2024-09-16T00:01:00+00:00', 'actual': None, 'estimated_runway': None, 'actual_runway': None}","{'airport': 'Cam Ranh', 'timezone': 'Asia/Ho_Chi_Minh', 'iata': 'CXR', 'icao': 'VVCR', 'terminal': '2', 'gate': None, 'baggage': None, 'delay': None, 'scheduled': '2024-09-16T03:35:00+00:00', 'estimated': '2024-09-16T03:35:00+00:00', 'actual': None, 'estimated_runway': None, 'actual_runway': None}","{'name': 'Vietnam Airlines', 'iata': 'VN', 'icao': 'HVN'}","{'number': '501', 'iata': 'VN501', 'icao': 'HVN501', 'codeshared': None}",,
2024-09-16,cancelled,"{'airport': 'Lanzhou Zhongchuan Airport', 'timezone': None, 'iata': 'LHW', 'icao': 'ZLLL', 'terminal': None, 'gate': None, 'delay': None, 'scheduled': '2024-09-16T00:05:00+00:00', 'estimated': '2024-09-16T00:05:00+00:00', 'actual': None, 'estimated_runway': None, 'actual_runway': None}","{'airport': 'Nanjing Lukou International Airport', 'timezone': 'Asia/Shanghai', 'iata': 'NKG', 'icao': 'ZSNJ', 'terminal': None, 'gate': None, 'baggage': None, 'delay': None, 'scheduled': '2024-09-16T02:35:00+00:00', 'estimated': '2024-09-16T02:35:00+00:00', 'actual': None, 'estimated_runway': None, 'actual_runway': None}","{'name': 'China Postal Airlines', 'iata': 'CF', 'icao': 'CYZ'}","{'number': '9001', 'iata': 'CF9001', 'icao': 'CYZ9001', 'codeshared': None}",,
2024-09-16,scheduled,"{'airport': 'Ninoy Aquino International', 'timezone': 'Asia/Manila', 'iata': 'MNL', 'icao': 'RPLL', 'terminal': None, 'gate': None, 'delay': None, 'scheduled': '2024-09-16T00:05:00+00:00', 'estimated': '2024-09-16T00:05:00+00:00', 'actual': None, 'estimated_runway': None, 'actual_runway': None}","{'airport': 'Nanjing Lukou International Airport', 'timezone': 'Asia/Shanghai', 'iata': 'NKG', 'icao': 'ZSNJ', 'terminal': None, 'gate': None, 'baggage': None, 'delay': None, 'scheduled': '2024-09-16T04:30:00+00:00', 'estimated': '2024-09-16T04:30:00+00:00', 'actual': None, 'estimated_runway': None, 'actual_runway': None}","{'name': 'Jiangsu Jingdong Cargo Airlines', 'iata': 'JG', 'icao': 'JDL'}","{'number': '2788', 'iata': 'JG2788', 'icao': 'JDL2788', 'codeshared': None}",,
2024-09-16,scheduled,"{'airport': 'Ninoy Aquino International', 'timezone': 'Asia/Manila', 'iata': 'MNL', 'icao': 'RPLL', 'terminal': None, 'gate': None, 'delay': None, 'scheduled': '2024-09-16T00:05:00+00:00', 'estimated': '2024-09-16T00:05:00+00:00', 'actual': None, 'estimated_runway': None, 'actual_runway': None}","{'airport': 'Changsha', 'timezone': 'Asia/Shanghai', 'iata': 'CSX', 'icao': 'ZGHA', 'terminal': None, 'gate': None, 'baggage': None, 'delay': None, 'scheduled': '2024-09-16T02:10:00+00:00', 'estimated': '2024-09-16T02:10:00+00:00', 'actual': None, 'estimated_runway': None, 'actual_runway': None}","{'name': 'YTO Cargo Airlines', 'iata': 'YG', 'icao': 'HYT'}","{'number': '9026', 'iata': 'YG9026', 'icao': 'HYT9026', 'codeshared': None}",,
2024-09-16,scheduled,"{'airport': 'Ninoy Aquino International', 'timezone': 'Asia/Manila', 'iata': 'MNL', 'icao': 'RPLL', 'terminal': '1', 'gate': None, 'delay': None, 'scheduled': '2024-09-16T00:05:00+00:00', 'estimated': '2024-09-16T00:05:00+00:00', 'actual': None, 'estimated_runway': None, 'actual_runway': None}","{'airport': 'Perth International', 'timezone': 'Australia/Perth', 'iata': 'PER', 'icao': 'YPPH', 'terminal': '1', 'gate': None, 'baggage': None, 'delay': None, 'scheduled': '2024-09-16T07:15:00+00:00', 'estimated': '2024-09-16T07:15:00+00:00', 'actual': None, 'estimated_runway': None, 'actual_runway': None}","{'name': 'Philippine Airlines', 'iata': 'PR', 'icao': 'PAL'}","{'number': '223', 'iata': 'PR223', 'icao': 'PAL223', 'codeshared': None}",,
2024-09-16,scheduled,"{'airport': 'Ninoy Aquino International', 'timezone': 'Asia/Manila', 'iata': 'MNL', 'icao': 'RPLL', 'terminal': '2', 'gate': None, 'delay': None, 'scheduled': '2024-09-16T00:00:00+00:00', 'estimated': '2024-09-16T00:00:00+00:00', 'actual': None, 'estimated_runway': None, 'actual_runway': None}","{'airport': 'Mactan-Cebu International', 'timezone': 'Asia/Manila', 'iata': 'CEB', 'icao': 'RPVM', 'terminal': '1', 'gate': None, 'baggage': None, 'delay': None, 'scheduled': '2024-09-16T01:20:00+00:00', 'estimated': '2024-09-16T01:20:00+00:00', 'actual': None, 'estimated_runway': None, 'actual_runway': None}","{'name': 'AirAsia', 'iata': 'AK', 'icao': 'AXM'}","{'number': '761', 'iata': 'AK761', 'icao': 'AXM761', 'codeshared': None}",,
2024-09-16,scheduled,"{'airport': 'Hong Kong International', 'timezone': 'Asia/Hong_Kong', 'iata': 'HKG', 'icao': 'VHHH', 'terminal': '1', 'gate': None, 'delay': None, 'scheduled': '2024-09-16T00:05:00+00:00', 'estimated': '2024-09-16T00:05:00+00:00', 'actual': None, 'estimated_runway': None, 'actual_runway': None}","{'airport': 'Los Angeles International', 'timezone': 'America/Los_Angeles', 'iata': 'LAX', 'icao': 'KLAX', 'terminal': 'B', 'gate': None, 'baggage': None, 'delay': None, 'scheduled': '2024-09-15T22:15:00+00:00', 'estimated': '2024-09-15T22:15:00+00:00', 'actual': None, 'estimated_runway': None, 'actual_runway': None}","{'name': 'Cathay Pacific', 'iata': 'CX', 'icao': 'CPA'}","{'number': '880', 'iata': 'CX880', 'icao': 'CPA880', 'codeshared': None}",,
2024-09-16,scheduled,"{'airport': 'Hong Kong International', 'timezone': 'Asia/Hong_Kong', 'iata': 'HKG', 'icao': 'VHHH', 'terminal': '1', 'gate': None, 'delay': None, 'scheduled': '2024-09-16T00:05:00+00:00', 'estimated': '2024-09-16T00:05:00+00:00', 'actual': None, 'estimated_runway': None, 'actual_runway': None}","{'airport': 'Los Angeles International', 'timezone': 'America/Los_Angeles', 'iata': 'LAX', 'icao': 'KLAX', 'terminal': 'B', 'gate': None, 'baggage': None, 'delay': None, 'scheduled': '2024-09-15T22:15:00+00:00', 'estimated': '2024-09-15T22:15:00+00:00', 'actual': None, 'estimated_runway': None, 'actual_runway': None}","{'name': 'Miat - Mongolian Airlines', 'iata': 'OM', 'icao': 'MGL'}","{'number': '5880', 'iata': 'OM5880', 'icao': 'MGL5880', 'codeshared': {'airline_name': 'cathay pacific', 'airline_iata': 'cx', 'airline_icao': 'cpa', 'flight_number': '880', 'flight_iata': 'cx880', 'flight_icao': 'cpa880'}}",,
2024-09-16,scheduled,"{'airport': 'Hong Kong International', 'timezone': 'Asia/Hong_Kong', 'iata': 'HKG', 'icao': 'VHHH', 'terminal': '1', 'gate': None, 'delay': None, 'scheduled': '2024-09-16T00:05:00+00:00', 'estimated': '2024-09-16T00:05:00+00:00', 'actual': None, 'estimated_runway': None, 'actual_runway': None}","{'airport': 'Los Angeles International', 'timezone': 'America/Los_Angeles', 'iata': 'LAX', 'icao': 'KLAX', 'terminal': 'B', 'gate': None, 'baggage': None, 'delay': None, 'scheduled': '2024-09-15T22:15:00+00:00', 'estimated': '2024-09-15T22:15:00+00:00', 'actual': None, 'estimated_runway': None, 'actual_runway': None}","{'name': 'Malaysia Airlines', 'iata': 'MH', 'icao': 'MAS'}","{'number': '9190', 'iata': 'MH9190', 'icao': 'MAS9190', 'codeshared': {'airline_name': 'cathay pacific', 'airline_iata': 'cx', 'airline_icao': 'cpa', 'flight_number': '880', 'flight_iata': 'cx880', 'flight_icao': 'cpa880'}}",,
2024-09-16,scheduled,"{'airport': 'Hong Kong International', 'timezone': 'Asia/Hong_Kong', 'iata': 'HKG', 'icao': 'VHHH', 'terminal': '1', 'gate': None, 'delay': None, 'scheduled': '2024-09-16T00:05:00+00:00', 'estimated': '2024-09-16T00:05:00+00:00', 'actual': None, 'estimated_runway': None, 'actual_runway': None}","{'airport': 'Los Angeles International', 'timezone': 'America/Los_Angeles', 'iata': 'LAX', 'icao': 'KLAX', 'terminal': 'B', 'gate': None, 'baggage': None, 'delay': None, 'scheduled': '2024-09-15T22:15:00+00:00', 'estimated': '2024-09-15T22:15:00+00:00', 'actual': None, 'estimated_runway': None, 'actual_runway': None}","{'name': 'American Airlines', 'iata': 'AA', 'icao': 'AAL'}","{'number': '8933', 'iata': 'AA8933', 'icao': 'AAL8933', 'codeshared': {'airline_name': 'cathay pacific', 'airline_iata': 'cx', 'airline_icao': 'cpa', 'flight_number': '880', 'flight_iata': 'cx880', 'flight_icao': 'cpa880'}}",,
2024-09-16,scheduled,"{'airport': 'Hong Kong International', 'timezone': 'Asia/Hong_Kong', 'iata': 'HKG', 'icao': 'VHHH', 'terminal': '1', 'gate': None, 'delay': None, 'scheduled': '2024-09-16T00:05:00+00:00', 'estimated': '2024-09-16T00:05:00+00:00', 'actual': None, 'estimated_runway': None, 'actual_runway': None}","{'airport': 'Zurich', 'timezone': 'Europe/Zurich', 'iata': 'ZRH', 'icao': 'LSZH', 'terminal': '2', 'gate': None, 'baggage': None, 'delay': None, 'scheduled': '2024-09-16T07:20:00+00:00', 'estimated': '2024-09-16T07:20:00+00:00', 'actual': None, 'estimated_runway': None, 'actual_runway': None}","{'name': 'Cathay Pacific', 'iata': 'CX', 'icao': 'CPA'}","{'number': '383', 'iata': 'CX383', 'icao': 'CPA383', 'codeshared': None}",,
2024-09-16,scheduled,"{'airport': 'Hong Kong International', 'timezone': 'Asia/Hong_Kong', 'iata': 'HKG', 'icao': 'VHHH', 'terminal': '1', 'gate': None, 'delay': None, 'scheduled': '2024-09-16T00:05:00+00:00', 'estimated': '2024-09-16T00:05:00+00:00', 'actual': None, 'estimated_runway': None, 'actual_runway': None}","{'airport': 'Zurich', 'timezone': 'Europe/Zurich', 'iata': 'ZRH', 'icao': 'LSZH', 'terminal': '2', 'gate': None, 'baggage': None, 'delay': None, 'scheduled': '2024-09-16T07:20:00+00:00', 'estimated': '2024-09-16T07:20:00+00:00', 'actual': None, 'estimated_runway': None, 'actual_runway': None}","{'name': 'SWISS', 'iata': 'LX', 'icao': 'SWR'}","{'number': '9515', 'iata': 'LX9515', 'icao': 'SWR9515', 'codeshared': {'airline_name': 'cathay pacific', 'airline_iata': 'cx', 'airline_icao': 'cpa', 'flight_number': '383', 'flight_iata': 'cx383', 'flight_icao': 'cpa383'}}",,
2024-09-16,scheduled,"{'airport': 'Singapore Changi', 'timezone': 'Asia/Singapore', 'iata': 'SIN', 'icao': 'WSSS', 'terminal': '3', 'gate': None, 'delay': None, 'scheduled': '2024-09-16T00:05:00+00:00', 'estimated': '2024-09-16T00:05:00+00:00', 'actual': None, 'estimated_runway': None, 'actual_runway': None}","{'airport': 'Kastrup', 'timezone': 'Europe/Copenhagen', 'iata': 'CPH', 'icao': 'EKCH', 'terminal': '3', 'gate': None, 'baggage': None, 'delay': None, 'scheduled': '2024-09-16T07:10:00+00:00', 'estimated': '2024-09-16T07:10:00+00:00', 'actual': None, 'estimated_runway': None, 'actual_runway': None}","{'name': 'Singapore Airlines', 'iata': 'SQ', 'icao': 'SIA'}","{'number': '352', 'iata': 'SQ352', 'icao': 'SIA352', 'codeshared': None}",,
2024-09-16,scheduled,"{'airport': 'Singapore Changi', 'timezone': 'Asia/Singapore', 'iata': 'SIN', 'icao': 'WSSS', 'terminal': '3', 'gate': None, 'delay': None, 'scheduled': '2024-09-16T00:05:00+00:00', 'estimated': '2024-09-16T00:05:00+00:00', 'actual': None, 'estimated_runway': None, 'actual_runway': None}","{'airport': 'Perth International', 'timezone': 'Australia/Perth', 'iata': 'PER', 'icao': 'YPPH', 'terminal': '1', 'gate': None, 'baggage': None, 'delay': None, 'scheduled': '2024-09-16T05:10:00+00:00', 'estimated': '2024-09-16T05:10:00+00:00', 'actual': None, 'estimated_runway': None, 'actual_runway': None}","{'name': 'Singapore Airlines', 'iata': 'SQ', 'icao': 'SIA'}","{'number': '225', 'iata': 'SQ225', 'icao': 'SIA225', 'codeshared': None}",,
2024-09-16,scheduled,"{'airport': 'Kuala Lumpur International Airport (klia)', 'timezone': 'Asia/Kuala_Lumpur', 'iata': 'KUL', 'icao': 'WMKK', 'terminal': None, 'gate': None, 'delay': None, 'scheduled': '2024-09-16T00:05:00+00:00', 'estimated': '2024-09-16T00:05:00+00:00', 'actual': None, 'estimated_runway': None, 'actual_runway': None}","{'airport': 'Hangzhou', 'timezone': 'Asia/Shanghai', 'iata': 'HGH', 'icao': 'ZSHC', 'terminal': None, 'gate': None, 'baggage': None, 'delay': None, 'scheduled': '2024-09-16T05:00:00+00:00', 'estimated': '2024-09-16T05:00:00+00:00', 'actual': None, 'estimated_runway': None, 'actual_runway': None}","{'name': 'YTO Cargo Airlines', 'iata': 'YG', 'icao': 'HYT'}","{'number': '9062', 'iata': 'YG9062', 'icao': 'HYT9062', 'codeshared': None}",,
2024-09-16,scheduled,"{'airport': 'Kuala Lumpur International Airport (klia)', 'timezone': 'Asia/Kuala_Lumpur', 'iata': 'KUL', 'icao': 'WMKK', 'terminal': '1', 'gate': None, 'delay': None, 'scheduled': '2024-09-16T00:05:00+00:00', 'estimated': '2024-09-16T00:05:00+00:00', 'actual': None, 'estimated_runway': None, 'actual_runway': None}","{'airport': 'Chengdu Tianfu International Airport', 'timezone': 'Asia/Chongqing', 'iata': 'TFU', 'icao': 'ZUTF', 'terminal': '1', 'gate': None, 'baggage': None, 'delay': None, 'scheduled': '2024-09-16T04:45:00+00:00', 'estimated': '2024-09-16T04:45:00+00:00', 'actual': None, 'estimated_runway': None, 'actual_runway': None}","{'name': 'Sichuan Airlines', 'iata': '3U', 'icao': 'CSC'}","{'number': '3994', 'iata': '3U3994', 'icao': 'CSC3994', 'codeshared': None}",,
2024-09-16,scheduled,"{'airport': 'Penang International', 'timezone': 'Asia/Kuala_Lumpur', 'iata': 'PEN', 'icao': 'WMKP', 'terminal': None, 'gate': 'J14', 'delay': 470, 'scheduled': '2024-09-16T00:05:00+00:00', 'estimated': '2024-09-16T00:05:00+00:00', 'actual': None, 'estimated_runway': None, 'actual_runway': None}","{'airport': 'Shanghai Pudong International', 'timezone': 'Asia/Shanghai', 'iata': 'PVG', 'icao': 'ZSPD', 'terminal': '2', 'gate': None, 'baggage': None, 'delay': None, 'scheduled': '2024-09-16T05:25:00+00:00', 'estimated': '2024-09-16T05:25:00+00:00', 'actual': None, 'estimated_runway': None, 'actual_runway': None}","{'name': 'Juneyao Airlines', 'iata': 'HO', 'icao': 'DKH'}","{'number': '1366', 'iata': 'HO1366', 'icao': 'DKH1366', 'codeshared': None}",,
2024-09-16,scheduled,"{'airport': 'Beijing Capital International', 'timezone': 'Asia/Shanghai', 'iata': 'PEK', 'icao': 'ZBAA', 'terminal': '3', 'gate': None, 'delay': None, 'scheduled': '2024-09-16T00:05:00+00:00', 'estimated': '2024-09-16T00:05:00+00:00', 'actual': None, 'estimated_runway': None, 'actual_runway': None}","{'airport': 'Singapore Changi', 'timezone': 'Asia/Singapore', 'iata': 'SIN', 'icao': 'WSSS', 'terminal': None, 'gate': None, 'baggage': None, 'delay': None, 'scheduled': '2024-09-16T06:20:00+00:00', 'estimated': '2024-09-16T06:20:00+00:00', 'actual': None, 'estimated_runway': None, 'actual_runway': None}","{'name': 'Singapore Airlines', 'iata': 'SQ', 'icao': 'SIA'}","{'number': '801', 'iata': 'SQ801', 'icao': 'SIA801', 'codeshared': None}",,
2024-09-16,scheduled,"{'airport': 'Guangzhou Baiyun International', 'timezone': 'Asia/Shanghai', 'iata': 'CAN', 'icao': 'ZGGG', 'terminal': None, 'gate': None, 'delay': None, 'scheduled': '2024-09-16T00:05:00+00:00', 'estimated': '2024-09-16T00:05:00+00:00', 'actual': None, 'estimated_runway': None, 'actual_runway': None}","{'airport': 'Shanghai Pudong International', 'timezone': 'Asia/Shanghai', 'iata': 'PVG', 'icao': 'ZSPD', 'terminal': '2', 'gate': None, 'baggage': '42', 'delay': None, 'scheduled': '2024-09-16T02:30:00+00:00', 'estimated': '2024-09-16T02:30:00+00:00', 'actual': None, 'estimated_runway': None, 'actual_runway': None}","{'name': '9 Air Co', 'iata': 'AQ', 'icao': 'JYH'}","{'number': '1009', 'iata': 'AQ1009', 'icao': 'JYH1009', 'codeshared': None}","{'registration': 'B-208K', 'iata': 'B738', 'icao': 'B738', 'icao24': '7815E2'}","{'updated': '2024-09-15T09:20:42+00:00', 'latitude': 27.2493, 'longitude': 119.532, 'altitude': 10698.5, 'direction': 63, 'speed_horizontal': 844.512, 'speed_vertical': 0, 'is_ground': False}"
2024-09-16,scheduled,"{'airport': 'Seoul (Incheon)', 'timezone': 'Asia/Seoul', 'iata': 'ICN', 'icao': 'RKSI', 'terminal': '1', 'gate': '12', 'delay': None, 'scheduled': '2024-09-16T01:05:00+00:00', 'estimated': '2024-09-16T01:05:00+00:00', 'actual': None, 'estimated_runway': None, 'actual_runway': None}","{'airport': 'Bole International', 'timezone': 'Africa/Addis_Ababa', 'iata': 'ADD', 'icao': 'HAAB', 'terminal': '2', 'gate': None, 'baggage': None, 'delay': None, 'scheduled': '2024-09-16T06:45:00+00:00', 'estimated': '2024-09-16T06:45:00+00:00', 'actual': None, 'estimated_runway': None, 'actual_runway': None}","{'name': 'Ethiopian Airlines', 'iata': 'ET', 'icao': 'ETH'}","{'number': '673', 'iata': 'ET673', 'icao': 'ETH673', 'codeshared': None}",,
2024-09-16,scheduled,"{'airport': 'Seoul (Incheon)', 'timezone': 'Asia/Seoul', 'iata': 'ICN', 'icao': 'RKSI', 'terminal': '1', 'gate': '12', 'delay': None, 'scheduled': '2024-09-16T01:05:00+00:00', 'estimated': '2024-09-16T01:05:00+00:00', 'actual': None, 'estimated_runway': None, 'actual_runway': None}","{'airport': 'Bole International', 'timezone': 'Africa/Addis_Ababa', 'iata': 'ADD', 'icao': 'HAAB', 'terminal': '2', 'gate': None, 'baggage': None, 'delay': None, 'scheduled': '2024-09-16T06:45:00+00:00', 'estimated': '2024-09-16T06:45:00+00:00', 'actual': None, 'estimated_runway': None, 'actual_runway': None}","{'name': 'Asiana Airlines', 'iata': 'OZ', 'icao': 'AAR'}","{'number': '9760', 'iata': 'OZ9760', 'icao': 'AAR9760', 'codeshared': {'airline_name': 'ethiopian airlines', 'airline_iata': 'et', 'airline_icao': 'eth', 'flight_number': '673', 'flight_iata': 'et673', 'flight_icao': 'eth673'}}",,
2024-09-16,scheduled,"{'airport': 'Seoul (Incheon)', 'timezone': 'Asia/Seoul', 'iata': 'ICN', 'icao': 'RKSI', 'terminal': '1', 'gate': '12', 'delay': None, 'scheduled': '2024-09-16T01:05:00+00:00', 'estimated': '2024-09-16T01:05:00+00:00', 'actual': None, 'estimated_runway': None, 'actual_runway': None}","{'airport': 'Bole International', 'timezone': 'Africa/Addis_Ababa', 'iata': 'ADD', 'icao': 'HAAB', 'terminal': '2', 'gate': None, 'baggage': None, 'delay': None, 'scheduled': '2024-09-16T06:45:00+00:00', 'estimated': '2024-09-16T06:45:00+00:00', 'actual': None, 'estimated_runway': None, 'actual_runway': None}","{'name': 'ANA', 'iata': 'NH', 'icao': 'ANA'}","{'number': '5341', 'iata': 'NH5341', 'icao': 'ANA5341', 'codeshared': {'airline_name': 'ethiopian airlines', 'airline_iata': 'et', 'airline_icao': 'eth', 'flight_number': '673', 'flight_iata': 'et673', 'flight_icao': 'eth673'}}",,
2024-09-16,scheduled,"{'airport': 'Seoul (Incheon)', 'timezone': 'Asia/Seoul', 'iata': 'ICN', 'icao': 'RKSI', 'terminal': '1', 'gate': None, 'delay': None, 'scheduled': '2024-09-16T01:05:00+00:00', 'estimated': '2024-09-16T01:05:00+00:00', 'actual': None, 'estimated_runway': None, 'actual_runway': None}","{'airport': 'Kota-Kinabalu International Airport', 'timezone': 'Asia/Kuching', 'iata': 'BKI', 'icao': 'WBKK', 'terminal': '1', 'gate': None, 'baggage': None, 'delay': None, 'scheduled': '2024-09-16T05:35:00+00:00', 'estimated': '2024-09-16T05:35:00+00:00', 'actual': None, 'estimated_runway': None, 'actual_runway': None}","{'name': 'AirAsia', 'iata': 'AK', 'icao': 'AXM'}","{'number': '1624', 'iata': 'AK1624', 'icao': 'AXM1624', 'codeshared': None}",,
2024-09-16,scheduled,"{'airport': 'Seoul (Incheon)', 'timezone': 'Asia/Seoul', 'iata': 'ICN', 'icao': 'RKSI', 'terminal': None, 'gate': None, 'delay': None, 'scheduled': '2024-09-16T01:00:00+00:00', 'estimated': '2024-09-16T01:00:00+00:00', 'actual': None, 'estimated_runway': None, 'actual_runway': None}","{'airport': 'Shanghai Pudong International', 'timezone': 'Asia/Shanghai', 'iata': 'PVG', 'icao': 'ZSPD', 'terminal': None, 'gate': None, 'baggage': None, 'delay': None, 'scheduled': '2024-09-16T02:15:00+00:00', 'estimated': '2024-09-16T02:15:00+00:00', 'actual': None, 'estimated_runway': None, 'actual_runway': None}","{'name': 'Atlas Air', 'iata': '5Y', 'icao': 'GTI'}","{'number': '8103', 'iata': '5Y8103', 'icao': 'GTI8103', 'codeshared': None}",,
2024-09-16,scheduled,"{'airport': 'Seoul (Incheon)', 'timezone': 'Asia/Seoul', 'iata': 'ICN', 'icao': 'RKSI', 'terminal': '1', 'gate': None, 'delay': 16, 'scheduled': '2024-09-16T00:55:00+00:00', 'estimated': '2024-09-16T00:55:00+00:00', 'actual': None, 'estimated_runway': None, 'actual_runway': None}","{'airport': 'Abu Dhabi International', 'timezone': 'Asia/Dubai', 'iata': 'AUH', 'icao': 'OMAA', 'terminal': 'A', 'gate': None, 'baggage': None, 'delay': None, 'scheduled': '2024-09-16T05:40:00+00:00', 'estimated': '2024-09-16T05:40:00+00:00', 'actual': None, 'estimated_runway': None, 'actual_runway': None}","{'name': 'Etihad Airways', 'iata': 'EY', 'icao': 'ETD'}","{'number': '859', 'iata': 'EY859', 'icao': 'ETD859', 'codeshared': None}",,
2024-09-16,scheduled,"{'airport': 'Seoul (Incheon)', 'timezone': 'Asia/Seoul', 'iata': 'ICN', 'icao': 'RKSI', 'terminal': '1', 'gate': None, 'delay': 16, 'scheduled': '2024-09-16T00:55:00+00:00', 'estimated': '2024-09-16T00:55:00+00:00', 'actual': None, 'estimated_runway': None, 'actual_runway': None}","{'airport': 'Abu Dhabi International', 'timezone': 'Asia/Dubai', 'iata': 'AUH', 'icao': 'OMAA', 'terminal': 'A', 'gate': None, 'baggage': None, 'delay': None, 'scheduled': '2024-09-16T05:40:00+00:00', 'estimated': '2024-09-16T05:40:00+00:00', 'actual': None, 'estimated_runway': None, 'actual_runway': None}","{'name': 'flynas', 'iata': 'XY', 'icao': 'KNE'}","{'number': '3859', 'iata': 'XY3859', 'icao': 'KNE3859', 'codeshared': {'airline_name': 'etihad airways', 'airline_iata': 'ey', 'airline_icao': 'etd', 'flight_number': '859', 'flight_iata': 'ey859', 'flight_icao': 'etd859'}}",,
2024-09-16,scheduled,"{'airport': 'Seoul (Incheon)', 'timezone': 'Asia/Seoul', 'iata': 'ICN', 'icao': 'RKSI', 'terminal': '1', 'gate': None, 'delay': 16, 'scheduled': '2024-09-16T00:55:00+00:00', 'estimated': '2024-09-16T00:55:00+00:00', 'actual': None, 'estimated_runway': None, 'actual_runway': None}","{'airport': 'Abu Dhabi International', 'timezone': 'Asia/Dubai', 'iata': 'AUH', 'icao': 'OMAA', 'terminal': 'A', 'gate': None, 'baggage': None, 'delay': None, 'scheduled': '2024-09-16T05:40:00+00:00', 'estimated': '2024-09-16T05:40:00+00:00', 'actual': None, 'estimated_runway': None, 'actual_runway': None}","{'name': 'Oman Air', 'iata': 'WY', 'icao': 'OMA'}","{'number': '5127', 'iata': 'WY5127', 'icao': 'OMA5127', 'codeshared': {'airline_name': 'etihad airways', 'airline_iata': 'ey', 'airline_icao': 'etd', 'flight_number': '859', 'flight_iata': 'ey859', 'flight_icao': 'etd859'}}",,
2024-09-16,scheduled,"{'airport': 'Seoul (Incheon)', 'timezone': 'Asia/Seoul', 'iata': 'ICN', 'icao': 'RKSI', 'terminal': '1', 'gate': None, 'delay': 16, 'scheduled': '2024-09-16T00:55:00+00:00', 'estimated': '2024-09-16T00:55:00+00:00', 'actual': None, 'estimated_runway': None, 'actual_runway': None}","{'airport': 'Abu Dhabi International', 'timezone': 'Asia/Dubai', 'iata': 'AUH', 'icao': 'OMAA', 'terminal': 'A', 'gate': None, 'baggage': None, 'delay': None, 'scheduled': '2024-09-16T05:40:00+00:00', 'estimated': '2024-09-16T05:40:00+00:00', 'actual': None, 'estimated_runway': None, 'actual_runway': None}","{'name': 'Royal Jordanian', 'iata': 'RJ', 'icao': 'RJA'}","{'number': '3632', 'iata': 'RJ3632', 'icao': 'RJA3632', 'codeshared': {'airline_name': 'etihad airways', 'airline_iata': 'ey', 'airline_icao': 'etd', 'flight_number': '859', 'flight_iata': 'ey859', 'flight_icao': 'etd859'}}",,
2024-09-16,scheduled,"{'airport': 'Seoul (Incheon)', 'timezone': 'Asia/Seoul', 'iata': 'ICN', 'icao': 'RKSI', 'terminal': '1', 'gate': None, 'delay': 16, 'scheduled': '2024-09-16T00:55:00+00:00', 'estimated': '2024-09-16T00:55:00+00:00', 'actual': None, 'estimated_runway': None, 'actual_runway': None}","{'airport': 'Abu Dhabi International', 'timezone': 'Asia/Dubai', 'iata': 'AUH', 'icao': 'OMAA', 'terminal': 'A', 'gate': None, 'baggage': None, 'delay': None, 'scheduled': '2024-09-16T05:40:00+00:00', 'estimated': '2024-09-16T05:40:00+00:00', 'actual': None, 'estimated_runway': None, 'actual_runway': None}","{'name': 'Asiana Airlines', 'iata': 'OZ', 'icao': 'AAR'}","{'number': '6968', 'iata': 'OZ6968', 'icao': 'AAR6968', 'codeshared': {'airline_name': 'etihad airways', 'airline_iata': 'ey', 'airline_icao': 'etd', 'flight_number': '859', 'flight_iata': 'ey859', 'flight_icao': 'etd859'}}",,
2024-09-16,scheduled,"{'airport': 'Seoul (Incheon)', 'timezone': 'Asia/Seoul', 'iata': 'ICN', 'icao': 'RKSI', 'terminal': '1', 'gate': None, 'delay': None, 'scheduled': '2024-09-16T00:50:00+00:00', 'estimated': '2024-09-16T00:50:00+00:00', 'actual': None, 'estimated_runway': None, 'actual_runway': None}","{'airport': 'Shanghai Pudong International', 'timezone': 'Asia/Shanghai', 'iata': 'PVG', 'icao': 'ZSPD', 'terminal': None, 'gate': None, 'baggage': None, 'delay': None, 'scheduled': '2024-09-16T02:05:00+00:00', 'estimated': '2024-09-16T02:05:00+00:00', 'actual': None, 'estimated_runway': None, 'actual_runway': None}","{'name': 'Asiana Airlines', 'iata': 'OZ', 'icao': 'AAR'}","{'number': '987', 'iata': 'OZ987', 'icao': 'AAR987', 'codeshared': None}",,
2024-09-16,scheduled,"{'airport': 'Seoul (Incheon)', 'timezone': 'Asia/Seoul', 'iata': 'ICN', 'icao': 'RKSI', 'terminal': '1', 'gate': None, 'delay': None, 'scheduled': '2024-09-16T00:50:00+00:00', 'estimated': '2024-09-16T00:50:00+00:00', 'actual': None, 'estimated_runway': None, 'actual_runway': None}","{'airport': 'Shanghai Pudong International', 'timezone': 'Asia/Shanghai', 'iata': 'PVG', 'icao': 'ZSPD', 'terminal': None, 'gate': None, 'baggage': None, 'delay': None, 'scheduled': '2024-09-16T02:10:00+00:00', 'estimated': '2024-09-16T02:10:00+00:00', 'actual': None, 'estimated_runway': None, 'actual_runway': None}","{'name': 'Asiana Airlines', 'iata': 'OZ', 'icao': 'AAR'}","{'number': '947', 'iata': 'OZ947', 'icao': 'AAR947', 'codeshared': None}",,
2024-09-16,scheduled,"{'airport': 'Seoul (Incheon)', 'timezone': 'Asia/Seoul', 'iata': 'ICN', 'icao': 'RKSI', 'terminal': '1', 'gate': None, 'delay': None, 'scheduled': '2024-09-16T00:45:00+00:00', 'estimated': '2024-09-16T00:45:00+00:00', 'actual': None, 'estimated_runway': None, 'actual_runway': None}","{'airport': 'Ninoy Aquino International', 'timezone': 'Asia/Manila', 'iata': 'MNL', 'icao': 'RPLL', 'terminal': '3', 'gate': None, 'baggage': None, 'delay': None, 'scheduled': '2024-09-16T04:00:00+00:00', 'estimated': '2024-09-16T04:00:00+00:00', 'actual': None, 'estimated_runway': None, 'actual_runway': None}","{'name': 'Cebu Pacific Air', 'iata': '5J', 'icao': 'CEB'}","{'number': '187', 'iata': '5J187', 'icao': 'CEB187', 'codeshared': None}",,
2024-09-16,scheduled,"{'airport': 'Seoul (Incheon)', 'timezone': 'Asia/Seoul', 'iata': 'ICN', 'icao': 'RKSI', 'terminal': None, 'gate': None, 'delay': None, 'scheduled': '2024-09-16T00:40:00+00:00', 'estimated': '2024-09-16T00:40:00+00:00', 'actual': None, 'estimated_runway': None, 'actual_runway': None}","{'airport': 'Shanghai Pudong International', 'timezone': 'Asia/Shanghai', 'iata': 'PVG', 'icao': 'ZSPD', 'terminal': None, 'gate': None, 'baggage': None, 'delay': None, 'scheduled': '2024-09-16T02:00:00+00:00', 'estimated': '2024-09-16T02:00:00+00:00', 'actual': None, 'estimated_runway': None, 'actual_runway': None}","{'name': 'Atlas Air', 'iata': '5Y', 'icao': 'GTI'}","{'number': '517', 'iata': '5Y517', 'icao': 'GTI517', 'codeshared': None}",,
2024-09-16,scheduled,"{'airport': 'Zhengzhou', 'timezone': 'Asia/Shanghai', 'iata': 'CGO', 'icao': 'ZHCC', 'terminal': None, 'gate': None, 'delay': None, 'scheduled': '2024-09-16T00:05:00+00:00', 'estimated': '2024-09-16T00:05:00+00:00', 'actual': None, 'estimated_runway': None, 'actual_runway': None}","{'airport': 'Kansai International', 'timezone': 'Asia/Tokyo', 'iata': 'KIX', 'icao': 'RJBB', 'terminal': None, 'gate': None, 'baggage': None, 'delay': None, 'scheduled': '2024-09-16T05:05:00+00:00', 'estimated': '2024-09-16T05:05:00+00:00', 'actual': None, 'estimated_runway': None, 'actual_runway': None}","{'name': 'Central Airlines', 'iata': 'I9', 'icao': 'HLF'}","{'number': '9815', 'iata': 'I99815', 'icao': 'HLF9815', 'codeshared': None}",,
2024-09-16,scheduled,"{'airport': 'Irkutsk', 'timezone': 'Asia/Irkutsk', 'iata': 'IKT', 'icao': 'UIII', 'terminal': None, 'gate': None, 'delay': None, 'scheduled': '2024-09-16T00:05:00+00:00', 'estimated': '2024-09-16T00:05:00+00:00', 'actual': None, 'estimated_runway': None, 'actual_runway': None}","{'airport': 'New Ulaanbaator International Airport', 'timezone': None, 'iata': 'UBN', 'icao': 'ZMCK', 'terminal': None, 'gate': None, 'baggage': None, 'delay': None, 'scheduled': '2024-09-16T01:00:00+00:00', 'estimated': '2024-09-16T01:00:00+00:00', 'actual': None, 'estimated_runway': None, 'actual_runway': None}","{'name': 'IrAero', 'iata': 'IO', 'icao': 'IAE'}","{'number': '230', 'iata': 'IO230', 'icao': 'IAE230', 'codeshared': None}",,
2024-09-16,scheduled,"{'airport': 'Yantai', 'timezone': 'Asia/Shanghai', 'iata': 'YNT', 'icao': 'ZSYT', 'terminal': None, 'gate': None, 'delay': None, 'scheduled': '2024-09-16T00:05:00+00:00', 'estimated': '2024-09-16T00:05:00+00:00', 'actual': None, 'estimated_runway': None, 'actual_runway': None}","{'airport': 'Kansai International', 'timezone': 'Asia/Tokyo', 'iata': 'KIX', 'icao': 'RJBB', 'terminal': None, 'gate': None, 'baggage': None, 'delay': None, 'scheduled': '2024-09-16T03:35:00+00:00', 'estimated': '2024-09-16T03:35:00+00:00', 'actual': None, 'estimated_runway': None, 'actual_runway': None}","{'name': 'Central Airlines', 'iata': 'I9', 'icao': 'HLF'}","{'number': '8871', 'iata': 'I98871', 'icao': 'HLF8871', 'codeshared': None}",,
2024-09-16,scheduled,"{'airport': 'Yantai', 'timezone': 'Asia/Shanghai', 'iata': 'YNT', 'icao': 'ZSYT', 'terminal': None, 'gate': None, 'delay': None, 'scheduled': '2024-09-16T00:05:00+00:00', 'estimated': '2024-09-16T00:05:00+00:00', 'actual': None, 'estimated_runway': None, 'actual_runway': None}","{'airport': 'Seoul (Incheon)', 'timezone': 'Asia/Seoul', 'iata': 'ICN', 'icao': 'RKSI', 'terminal': None, 'gate': None, 'baggage': None, 'delay': None, 'scheduled': '2024-09-16T02:30:00+00:00', 'estimated': '2024-09-16T02:30:00+00:00', 'actual': None, 'estimated_runway': None, 'actual_runway': None}","{'name': 'Longhao Airlines', 'iata': 'GI', 'icao': 'LHA'}","{'number': '4237', 'iata': 'GI4237', 'icao': 'LHA4237', 'codeshared': None}",,
2024-09-16,scheduled,"{'airport': 'Shanghai Pudong International', 'timezone': 'Asia/Shanghai', 'iata': 'PVG', 'icao': 'ZSPD', 'terminal': None, 'gate': None, 'delay': None, 'scheduled': '2024-09-16T00:05:00+00:00', 'estimated': '2024-09-16T00:05:00+00:00', 'actual': None, 'estimated_runway': None, 'actual_runway': None}","{'airport': 'Shuangliu', 'timezone': 'Asia/Shanghai', 'iata': 'CTU', 'icao': 'ZUUU', 'terminal': None, 'gate': None, 'baggage': None, 'delay': None, 'scheduled': '2024-09-16T03:10:00+00:00', 'estimated': '2024-09-16T03:10:00+00:00', 'actual': None, 'estimated_runway': None, 'actual_runway': None}","{'name': 'Air China LTD', 'iata': 'CA', 'icao': 'CCA'}","{'number': '8443', 'iata': 'CA8443', 'icao': 'CCA8443', 'codeshared': None}",,
2024-09-16,scheduled,"{'airport': 'Shanghai Pudong International', 'timezone': 'Asia/Shanghai', 'iata': 'PVG', 'icao': 'ZSPD', 'terminal': '2', 'gate': None, 'delay': 1015, 'scheduled': '2024-09-16T00:05:00+00:00', 'estimated': '2024-09-16T00:05:00+00:00', 'actual': None, 'estimated_runway': None, 'actual_runway': None}","{'airport': 'Dubai', 'timezone': 'Asia/Dubai', 'iata': 'DXB', 'icao': 'OMDB', 'terminal': '3', 'gate': None, 'baggage': None, 'delay': None, 'scheduled': '2024-09-16T04:55:00+00:00', 'estimated': '2024-09-16T04:55:00+00:00', 'actual': None, 'estimated_runway': None, 'actual_runway': None}","{'name': 'Emirates', 'iata': 'EK', 'icao': 'UAE'}","{'number': '303', 'iata': 'EK303', 'icao': 'UAE303', 'codeshared': None}",,
2024-09-16,scheduled,"{'airport': 'Shanghai Pudong International', 'timezone': 'Asia/Shanghai', 'iata': 'PVG', 'icao': 'ZSPD', 'terminal': None, 'gate': None, 'delay': 10, 'scheduled': '2024-09-16T00:05:00+00:00', 'estimated': '2024-09-16T00:05:00+00:00', 'actual': None, 'estimated_runway': None, 'actual_runway': None}","{'airport': 'Los Angeles International', 'timezone': 'America/Los_Angeles', 'iata': 'LAX', 'icao': 'KLAX', 'terminal': None, 'gate': None, 'baggage': None, 'delay': None, 'scheduled': '2024-09-15T20:30:00+00:00', 'estimated': '2024-09-15T20:30:00+00:00', 'actual': None, 'estimated_runway': None, 'actual_runway': None}","{'name': 'China Southern Airlines', 'iata': 'CZ', 'icao': 'CSN'}","{'number': '441', 'iata': 'CZ441', 'icao': 'CSN441', 'codeshared': None}",,
2024-09-16,scheduled,"{'airport': 'Jinjiang', 'timezone': 'Asia/Shanghai', 'iata': 'JJN', 'icao': 'ZSQZ', 'terminal': None, 'gate': None, 'delay': None, 'scheduled': '2024-09-16T00:05:00+00:00', 'estimated': '2024-09-16T00:05:00+00:00', 'actual': None, 'estimated_runway': None, 'actual_runway': None}","{'airport': 'Hangzhou', 'timezone': 'Asia/Shanghai', 'iata': 'HGH', 'icao': 'ZSHC', 'terminal': None, 'gate': None, 'baggage': None, 'delay': None, 'scheduled': '2024-09-16T01:25:00+00:00', 'estimated': '2024-09-16T01:25:00+00:00', 'actual': None, 'estimated_runway': None, 'actual_runway': None}","{'name': 'SF Airlines', 'iata': 'O3', 'icao': 'CSS'}","{'number': '7067', 'iata': 'O37067', 'icao': 'CSS7067', 'codeshared': None}",,
2024-09-16,scheduled,"{'airport': 'Qingdao', 'timezone': 'Asia/Shanghai', 'iata': 'TAO', 'icao': 'ZSQD', 'terminal': None, 'gate': None, 'delay': None, 'scheduled': '2024-09-16T00:05:00+00:00', 'estimated': '2024-09-16T00:05:00+00:00', 'actual': None, 'estimated_runway': None, 'actual_runway': None}","{'airport': 'Hangzhou', 'timezone': 'Asia/Shanghai', 'iata': 'HGH', 'icao': 'ZSHC', 'terminal': None, 'gate': None, 'baggage': None, 'delay': None, 'scheduled': '2024-09-16T01:30:00+00:00', 'estimated': '2024-09-16T01:30:00+00:00', 'actual': None, 'estimated_runway': None, 'actual_runway': None}","{'name': 'SF Airlines', 'iata': 'O3', 'icao': 'CSS'}","{'number': '7015', 'iata': 'O37015', 'icao': 'CSS7015', 'codeshared': None}",,
2024-09-16,scheduled,"{'airport': 'Tagbilaran', 'timezone': 'Asia/Manila', 'iata': 'TAG', 'icao': 'RPSP', 'terminal': None, 'gate': None, 'delay': None, 'scheduled': '2024-09-16T00:05:00+00:00', 'estimated': '2024-09-16T00:05:00+00:00', 'actual': None, 'estimated_runway': None, 'actual_runway': None}","{'airport': 'Seoul (Incheon)', 'timezone': 'Asia/Seoul', 'iata': 'ICN', 'icao': 'RKSI', 'terminal': '1', 'gate': None, 'baggage': None, 'delay': None, 'scheduled': '2024-09-16T05:50:00+00:00', 'estimated': '2024-09-16T05:50:00+00:00', 'actual': None, 'estimated_runway': None, 'actual_runway': None}","{'name': 'Air Seoul', 'iata': 'RS', 'icao': 'ASV'}","{'number': '582', 'iata': 'RS582', 'icao': 'ASV582', 'codeshared': None}",,
2024-09-16,scheduled,"{'airport': 'Shenzhen', 'timezone': 'Asia/Shanghai', 'iata': 'SZX', 'icao': 'ZGSZ', 'terminal': None, 'gate': None, 'delay': None, 'scheduled': '2024-09-16T00:05:00+00:00', 'estimated': '2024-09-16T00:05:00+00:00', 'actual': None, 'estimated_runway': None, 'actual_runway': None}","{'airport': 'Beijing Capital International', 'timezone': 'Asia/Shanghai', 'iata': 'PEK', 'icao': 'ZBAA', 'terminal': None, 'gate': None, 'baggage': None, 'delay': None, 'scheduled': '2024-09-16T03:20:00+00:00', 'estimated': '2024-09-16T03:20:00+00:00', 'actual': None, 'estimated_runway': None, 'actual_runway': None}","{'name': 'SF Airlines', 'iata': 'O3', 'icao': 'CSS'}","{'number': '6813', 'iata': 'O36813', 'icao': 'CSS6813', 'codeshared': None}",,
2024-09-16,scheduled,"{'airport': 'Shenzhen', 'timezone': 'Asia/Shanghai', 'iata': 'SZX', 'icao': 'ZGSZ', 'terminal': 'T3', 'gate': None, 'delay': None, 'scheduled': '2024-09-16T00:05:00+00:00', 'estimated': '2024-09-16T00:05:00+00:00', 'actual': None, 'estimated_runway': None, 'actual_runway': None}","{'airport': 'Frankfurt International Airport', 'timezone': 'Europe/Berlin', 'iata': 'FRA', 'icao': 'EDDF', 'terminal': '1', 'gate': None, 'baggage': None, 'delay': None, 'scheduled': '2024-09-16T06:45:00+00:00', 'estimated': '2024-09-16T06:45:00+00:00', 'actual': None, 'estimated_runway': None, 'actual_runway': None}","{'name': 'Air China LTD', 'iata': 'CA', 'icao': 'CCA'}","{'number': '771', 'iata': 'CA771', 'icao': 'CCA771', 'codeshared': None}",,
2024-09-16,cancelled,"{'airport': 'Shuangliu', 'timezone': 'Asia/Shanghai', 'iata': 'CTU', 'icao': 'ZUUU', 'terminal': None, 'gate': None, 'delay': None, 'scheduled': '2024-09-16T00:05:00+00:00', 'estimated': '2024-09-16T00:05:00+00:00', 'actual': None, 'estimated_runway': None, 'actual_runway': None}","{'airport': 'Nanjing Lukou International Airport', 'timezone': 'Asia/Shanghai', 'iata': 'NKG', 'icao': 'ZSNJ', 'terminal': None, 'gate': None, 'baggage': None, 'delay': None, 'scheduled': '2024-09-16T02:45:00+00:00', 'estimated': '2024-09-16T02:45:00+00:00', 'actual': None, 'estimated_runway': None, 'actual_runway': None}","{'name': 'China Postal Airlines', 'iata': 'CF', 'icao': 'CYZ'}","{'number': '9095', 'iata': 'CF9095', 'icao': 'CYZ9095', 'codeshared': None}",,
2024-09-16,scheduled,"{'airport': 'Xianyang', 'timezone': 'Asia/Shanghai', 'iata': 'XIY', 'icao': 'ZLXY', 'terminal': None, 'gate': None, 'delay': None, 'scheduled': '2024-09-16T00:05:00+00:00', 'estimated': '2024-09-16T00:05:00+00:00', 'actual': None, 'estimated_runway': None, 'actual_runway': None}","{'airport': 'Nanjing Lukou International Airport', 'timezone': 'Asia/Shanghai', 'iata': 'NKG', 'icao': 'ZSNJ', 'terminal': None, 'gate': None, 'baggage': None, 'delay': None, 'scheduled': '2024-09-16T01:55:00+00:00', 'estimated': '2024-09-16T01:55:00+00:00', 'actual': None, 'estimated_runway': None, 'actual_runway': None}","{'name': 'China Postal Airlines', 'iata': 'CF', 'icao': 'CYZ'}","{'number': '9033', 'iata': 'CF9033', 'icao': 'CYZ9033', 'codeshared': None}",,
2024-09-16,scheduled,"{'airport': 'Roma', 'timezone': 'Australia/Brisbane', 'iata': 'RMA', 'icao': 'YROM', 'terminal': None, 'gate': None, 'delay': None, 'scheduled': '2024-09-16T01:30:00+00:00', 'estimated': '2024-09-16T01:30:00+00:00', 'actual': None, 'estimated_runway': None, 'actual_runway': None}","{'airport': 'Charleville', 'timezone': 'Australia/Brisbane', 'iata': 'CTL', 'icao': 'YBCV', 'terminal': None, 'gate': None, 'baggage': None, 'delay': None, 'scheduled': '2024-09-16T02:07:00+00:00', 'estimated': '2024-09-16T02:07:00+00:00', 'actual': None, 'estimated_runway': None, 'actual_runway': None}","{'name': 'empty', 'iata': None, 'icao': None}","{'number': None, 'iata': None, 'icao': None, 'codeshared': None}",,
2024-09-16,scheduled,"{'airport': 'Seoul (Incheon)', 'timezone': 'Asia/Seoul', 'iata': 'ICN', 'icao': 'RKSI', 'terminal': '1', 'gate': 'G12', 'delay': None, 'scheduled': '2024-09-16T00:30:00+00:00', 'estimated': '2024-09-16T00:30:00+00:00', 'actual': None, 'estimated_runway': None, 'actual_runway': None}","{'airport': 'Taiwan Taoyuan International (Chiang Kai Shek International)', 'timezone': 'Asia/Taipei', 'iata': 'TPE', 'icao': 'RCTP', 'terminal': '1', 'gate': None, 'baggage': None, 'delay': None, 'scheduled': '2024-09-16T02:15:00+00:00', 'estimated': '2024-09-16T02:15:00+00:00', 'actual': None, 'estimated_runway': None, 'actual_runway': None}","{'name': 'Tigerair Taiwan', 'iata': 'IT', 'icao': 'TTW'}","{'number': '603', 'iata': 'IT603', 'icao': 'TTW603', 'codeshared': None}",,
2024-09-16,scheduled,"{'airport': 'Kota-Kinabalu International Airport', 'timezone': 'Asia/Kuching', 'iata': 'BKI', 'icao': 'WBKK', 'terminal': '1', 'gate': None, 'delay': None, 'scheduled': '2024-09-16T00:05:00+00:00', 'estimated': '2024-09-16T00:05:00+00:00', 'actual': None, 'estimated_runway': None, 'actual_runway': None}","{'airport': 'Seoul (Incheon)', 'timezone': 'Asia/Seoul', 'iata': 'ICN', 'icao': 'RKSI', 'terminal': '1', 'gate': None, 'baggage': None, 'delay': None, 'scheduled': '2024-09-16T06:30:00+00:00', 'estimated': '2024-09-16T06:30:00+00:00', 'actual': None, 'estimated_runway': None, 'actual_runway': None}","{'name': ""T'Way Air"", 'iata': 'TW', 'icao': 'TWB'}","{'number': '170', 'iata': 'TW170', 'icao': 'TWB170', 'codeshared': None}",,
2024-09-16,scheduled,"{'airport': 'Kota-Kinabalu International Airport', 'timezone': 'Asia/Kuching', 'iata': 'BKI', 'icao': 'WBKK', 'terminal': '1', 'gate': None, 'delay': None, 'scheduled': '2024-09-16T00:05:00+00:00', 'estimated': '2024-09-16T00:05:00+00:00', 'actual': None, 'estimated_runway': None, 'actual_runway': None}","{'airport': 'Seoul (Incheon)', 'timezone': 'Asia/Seoul', 'iata': 'ICN', 'icao': 'RKSI', 'terminal': '1', 'gate': None, 'baggage': None, 'delay': None, 'scheduled': '2024-09-16T06:30:00+00:00', 'estimated': '2024-09-16T06:30:00+00:00', 'actual': None, 'estimated_runway': None, 'actual_runway': None}","{'name': None, 'iata': 'H1', 'icao': 'H1'}","{'number': '5912', 'iata': 'H15912', 'icao': 'H15912', 'codeshared': {'airline_name': ""t'way air"", 'airline_iata': 'tw', 'airline_icao': 'twb', 'flight_number': '170', 'flight_iata': 'tw170', 'flight_icao': 'twb170'}}",,
2024-09-16,scheduled,"{'airport': 'Brisbane International', 'timezone': 'Australia/Brisbane', 'iata': 'BNE', 'icao': 'YBBN', 'terminal': None, 'gate': None, 'delay': None, 'scheduled': '2024-09-16T02:00:00+00:00', 'estimated': '2024-09-16T02:00:00+00:00', 'actual': None, 'estimated_runway': None, 'actual_runway': None}","{'airport': 'Cairns', 'timezone': 'Australia/Brisbane', 'iata': 'CNS', 'icao': 'YBCS', 'terminal': None, 'gate': None, 'baggage': None, 'delay': None, 'scheduled': '2024-09-16T05:21:00+00:00', 'estimated': '2024-09-16T05:21:00+00:00', 'actual': None, 'estimated_runway': None, 'actual_runway': None}","{'name': 'Toll Aviation', 'iata': None, 'icao': 'TFX'}","{'number': None, 'iata': None, 'icao': 'TFX', 'codeshared': None}",,
2024-09-16,scheduled,"{'airport': 'Brisbane International', 'timezone': 'Australia/Brisbane', 'iata': 'BNE', 'icao': 'YBBN', 'terminal': 'I', 'gate': None, 'delay': None, 'scheduled': '2024-09-16T01:55:00+00:00', 'estimated': '2024-09-16T01:55:00+00:00', 'actual': None, 'estimated_runway': None, 'actual_runway': None}","{'airport': 'Dubai', 'timezone': 'Asia/Dubai', 'iata': 'DXB', 'icao': 'OMDB', 'terminal': '3', 'gate': None, 'baggage': None, 'delay': None, 'scheduled': '2024-09-16T10:05:00+00:00', 'estimated': '2024-09-16T10:05:00+00:00', 'actual': None, 'estimated_runway': None, 'actual_runway': None}","{'name': 'Emirates', 'iata': 'EK', 'icao': 'UAE'}","{'number': '431', 'iata': 'EK431', 'icao': 'UAE431', 'codeshared': None}",,
2024-09-16,scheduled,"{'airport': 'Kansai International', 'timezone': 'Asia/Tokyo', 'iata': 'KIX', 'icao': 'RJBB', 'terminal': None, 'gate': None, 'delay': None, 'scheduled': '2024-09-16T01:05:00+00:00', 'estimated': '2024-09-16T01:05:00+00:00', 'actual': None, 'estimated_runway': None, 'actual_runway': None}","{'airport': 'Chongqing Jiangbei International', 'timezone': 'Asia/Shanghai', 'iata': 'CKG', 'icao': 'ZUCK', 'terminal': None, 'gate': None, 'baggage': None, 'delay': None, 'scheduled': '2024-09-16T03:05:00+00:00', 'estimated': '2024-09-16T03:05:00+00:00', 'actual': None, 'estimated_runway': None, 'actual_runway': None}","{'name': 'Shandong Airlines', 'iata': 'SC', 'icao': 'CDG'}","{'number': '2474', 'iata': 'SC2474', 'icao': 'CDG2474', 'codeshared': None}",,
2024-09-16,scheduled,"{'airport': 'Kansai International', 'timezone': 'Asia/Tokyo', 'iata': 'KIX', 'icao': 'RJBB', 'terminal': '1', 'gate': '31', 'delay': None, 'scheduled': '2024-09-16T00:55:00+00:00', 'estimated': '2024-09-16T00:55:00+00:00', 'actual': None, 'estimated_runway': None, 'actual_runway': None}","{'airport': 'Suvarnabhumi International', 'timezone': 'Asia/Bangkok', 'iata': 'BKK', 'icao': 'VTBS', 'terminal': None, 'gate': None, 'baggage': None, 'delay': None, 'scheduled': '2024-09-16T04:40:00+00:00', 'estimated': '2024-09-16T04:40:00+00:00', 'actual': None, 'estimated_runway': None, 'actual_runway': None}","{'name': 'JAL', 'iata': 'JL', 'icao': 'JAL'}","{'number': '727', 'iata': 'JL727', 'icao': 'JAL727', 'codeshared': None}",,
2024-09-16,scheduled,"{'airport': 'Kansai International', 'timezone': 'Asia/Tokyo', 'iata': 'KIX', 'icao': 'RJBB', 'terminal': '1', 'gate': '31', 'delay': None, 'scheduled': '2024-09-16T00:55:00+00:00', 'estimated': '2024-09-16T00:55:00+00:00', 'actual': None, 'estimated_runway': None, 'actual_runway': None}","{'airport': 'Suvarnabhumi International', 'timezone': 'Asia/Bangkok', 'iata': 'BKK', 'icao': 'VTBS', 'terminal': None, 'gate': None, 'baggage': None, 'delay': None, 'scheduled': '2024-09-16T04:40:00+00:00', 'estimated': '2024-09-16T04:40:00+00:00', 'actual': None, 'estimated_runway': None, 'actual_runway': None}","{'name': 'AlphaSky', 'iata': 'AS', 'icao': 'JAG'}","{'number': '7341', 'iata': 'AS7341', 'icao': 'JAG7341', 'codeshared': {'airline_name': 'jal', 'airline_iata': 'jl', 'airline_icao': 'jal', 'flight_number': '727', 'flight_iata': 'jl727', 'flight_icao': 'jal727'}}",,
2024-09-16,scheduled,"{'airport': 'Kansai International', 'timezone': 'Asia/Tokyo', 'iata': 'KIX', 'icao': 'RJBB', 'terminal': '1', 'gate': '31', 'delay': None, 'scheduled': '2024-09-16T00:55:00+00:00', 'estimated': '2024-09-16T00:55:00+00:00', 'actual': None, 'estimated_runway': None, 'actual_runway': None}","{'airport': 'Suvarnabhumi International', 'timezone': 'Asia/Bangkok', 'iata': 'BKK', 'icao': 'VTBS', 'terminal': None, 'gate': None, 'baggage': None, 'delay': None, 'scheduled': '2024-09-16T04:40:00+00:00', 'estimated': '2024-09-16T04:40:00+00:00', 'actual': None, 'estimated_runway': None, 'actual_runway': None}","{'name': 'Bangkok Airways', 'iata': 'PG', 'icao': 'BKP'}","{'number': '4170', 'iata': 'PG4170', 'icao': 'BKP4170', 'codeshared': {'airline_name': 'jal', 'airline_iata': 'jl', 'airline_icao': 'jal', 'flight_number': '727', 'flight_iata': 'jl727', 'flight_icao': 'jal727'}}",,
2024-09-16,scheduled,"{'airport': 'Kansai International', 'timezone': 'Asia/Tokyo', 'iata': 'KIX', 'icao': 'RJBB', 'terminal': '1', 'gate': '31', 'delay': None, 'scheduled': '2024-09-16T00:55:00+00:00', 'estimated': '2024-09-16T00:55:00+00:00', 'actual': None, 'estimated_runway': None, 'actual_runway': None}","{'airport': 'Suvarnabhumi International', 'timezone': 'Asia/Bangkok', 'iata': 'BKK', 'icao': 'VTBS', 'terminal': None, 'gate': None, 'baggage': None, 'delay': None, 'scheduled': '2024-09-16T04:40:00+00:00', 'estimated': '2024-09-16T04:40:00+00:00', 'actual': None, 'estimated_runway': None, 'actual_runway': None}","{'name': 'SriLankan Airlines', 'iata': 'UL', 'icao': 'ALK'}","{'number': '3345', 'iata': 'UL3345', 'icao': 'ALK3345', 'codeshared': {'airline_name': 'jal', 'airline_iata': 'jl', 'airline_icao': 'jal', 'flight_number': '727', 'flight_iata': 'jl727', 'flight_icao': 'jal727'}}",,
2024-09-16,scheduled,"{'airport': 'Kansai International', 'timezone': 'Asia/Tokyo', 'iata': 'KIX', 'icao': 'RJBB', 'terminal': None, 'gate': None, 'delay': None, 'scheduled': '2024-09-16T00:35:00+00:00', 'estimated': '2024-09-16T00:35:00+00:00', 'actual': None, 'estimated_runway': None, 'actual_runway': None}","{'airport': 'Shanghai Pudong International', 'timezone': 'Asia/Shanghai', 'iata': 'PVG', 'icao': 'ZSPD', 'terminal': None, 'gate': None, 'baggage': None, 'delay': None, 'scheduled': '2024-09-16T01:35:00+00:00', 'estimated': '2024-09-16T01:35:00+00:00', 'actual': None, 'estimated_runway': None, 'actual_runway': None}","{'name': 'China Cargo', 'iata': 'CK', 'icao': 'CKK'}","{'number': '248', 'iata': 'CK248', 'icao': 'CKK248', 'codeshared': None}",,
2024-09-16,scheduled,"{'airport': 'Kansai International', 'timezone': 'Asia/Tokyo', 'iata': 'KIX', 'icao': 'RJBB', 'terminal': None, 'gate': None, 'delay': None, 'scheduled': '2024-09-16T00:25:00+00:00', 'estimated': '2024-09-16T00:25:00+00:00', 'actual': None, 'estimated_runway': None, 'actual_runway': None}","{'airport': 'Xianyang', 'timezone': 'Asia/Shanghai', 'iata': 'XIY', 'icao': 'ZLXY', 'terminal': None, 'gate': None, 'baggage': None, 'delay': None, 'scheduled': '2024-09-16T02:25:00+00:00', 'estimated': '2024-09-16T02:25:00+00:00', 'actual': None, 'estimated_runway': None, 'actual_runway': None}","{'name': 'Shandong Airlines', 'iata': 'SC', 'icao': 'CDG'}","{'number': '2488', 'iata': 'SC2488', 'icao': 'CDG2488', 'codeshared': None}",,
2024-09-16,scheduled,"{'airport': 'Kunming', 'timezone': 'Asia/Shanghai', 'iata': 'KMG', 'icao': 'ZPPP', 'terminal': None, 'gate': None, 'delay': None, 'scheduled': '2024-09-16T00:05:00+00:00', 'estimated': '2024-09-16T00:05:00+00:00', 'actual': None, 'estimated_runway': None, 'actual_runway': None}","{'airport': 'Nanjing Lukou International Airport', 'timezone': 'Asia/Shanghai', 'iata': 'NKG', 'icao': 'ZSNJ', 'terminal': None, 'gate': None, 'baggage': None, 'delay': None, 'scheduled': '2024-09-16T02:50:00+00:00', 'estimated': '2024-09-16T02:50:00+00:00', 'actual': None, 'estimated_runway': None, 'actual_runway': None}","{'name': 'China Postal Airlines', 'iata': 'CF', 'icao': 'CYZ'}","{'number': '9017', 'iata': 'CF9017', 'icao': 'CYZ9017', 'codeshared': None}",,
2024-09-16,scheduled,"{'airport': 'Cunnamulla', 'timezone': 'Australia/Brisbane', 'iata': 'CMA', 'icao': 'YCMU', 'terminal': None, 'gate': None, 'delay': None, 'scheduled': '2024-09-16T00:00:00+00:00', 'estimated': '2024-09-16T00:00:00+00:00', 'actual': None, 'estimated_runway': None, 'actual_runway': None}","{'airport': 'Roma', 'timezone': 'Australia/Brisbane', 'iata': 'RMA', 'icao': 'YROM', 'terminal': None, 'gate': None, 'baggage': None, 'delay': None, 'scheduled': '2024-09-16T00:43:00+00:00', 'estimated': '2024-09-16T00:43:00+00:00', 'actual': None, 'estimated_runway': None, 'actual_runway': None}","{'name': 'empty', 'iata': None, 'icao': None}","{'number': None, 'iata': None, 'icao': None, 'codeshared': None}",,
2024-09-16,scheduled,"{'airport': 'Haneda Airport', 'timezone': 'Asia/Tokyo', 'iata': 'HND', 'icao': 'RJTT', 'terminal': '3', 'gate': None, 'delay': None, 'scheduled': '2024-09-16T01:00:00+00:00', 'estimated': '2024-09-16T01:00:00+00:00', 'actual': None, 'estimated_runway': None, 'actual_runway': None}","{'airport': 'Hong Kong International', 'timezone': 'Asia/Hong_Kong', 'iata': 'HKG', 'icao': 'VHHH', 'terminal': '1', 'gate': None, 'baggage': None, 'delay': None, 'scheduled': '2024-09-16T04:40:00+00:00', 'estimated': '2024-09-16T04:40:00+00:00', 'actual': None, 'estimated_runway': None, 'actual_runway': None}","{'name': 'Hong Kong Express', 'iata': 'UO', 'icao': 'HKE'}","{'number': '623', 'iata': 'UO623', 'icao': 'HKE623', 'codeshared': None}",,
2024-09-16,scheduled,"{'airport': 'Haneda Airport', 'timezone': 'Asia/Tokyo', 'iata': 'HND', 'icao': 'RJTT', 'terminal': '2', 'gate': '73', 'delay': None, 'scheduled': '2024-09-16T00:40:00+00:00', 'estimated': '2024-09-16T00:40:00+00:00', 'actual': None, 'estimated_runway': None, 'actual_runway': None}","{'airport': 'Singapore Changi', 'timezone': 'Asia/Singapore', 'iata': 'SIN', 'icao': 'WSSS', 'terminal': '2', 'gate': None, 'baggage': None, 'delay': None, 'scheduled': '2024-09-16T06:40:00+00:00', 'estimated': '2024-09-16T06:40:00+00:00', 'actual': None, 'estimated_runway': None, 'actual_runway': None}","{'name': 'ANA', 'iata': 'NH', 'icao': 'ANA'}","{'number': '843', 'iata': 'NH843', 'icao': 'ANA843', 'codeshared': None}",,
2024-09-16,scheduled,"{'airport': 'Haneda Airport', 'timezone': 'Asia/Tokyo', 'iata': 'HND', 'icao': 'RJTT', 'terminal': '3', 'gate': '111', 'delay': None, 'scheduled': '2024-09-16T00:30:00+00:00', 'estimated': '2024-09-16T00:30:00+00:00', 'actual': None, 'estimated_runway': None, 'actual_runway': None}","{'airport': 'Los Angeles International', 'timezone': 'America/Los_Angeles', 'iata': 'LAX', 'icao': 'KLAX', 'terminal': 'TBIT', 'gate': None, 'baggage': None, 'delay': None, 'scheduled': '2024-09-15T18:45:00+00:00', 'estimated': '2024-09-15T18:45:00+00:00', 'actual': None, 'estimated_runway': None, 'actual_runway': None}","{'name': 'ANA', 'iata': 'NH', 'icao': 'ANA'}","{'number': '106', 'iata': 'NH106', 'icao': 'ANA106', 'codeshared': None}",,
2024-09-16,scheduled,"{'airport': 'Haneda Airport', 'timezone': 'Asia/Tokyo', 'iata': 'HND', 'icao': 'RJTT', 'terminal': '3', 'gate': '142', 'delay': None, 'scheduled': '2024-09-16T00:20:00+00:00', 'estimated': '2024-09-16T00:20:00+00:00', 'actual': None, 'estimated_runway': None, 'actual_runway': None}","{'airport': 'Suvarnabhumi International', 'timezone': 'Asia/Bangkok', 'iata': 'BKK', 'icao': 'VTBS', 'terminal': None, 'gate': None, 'baggage': None, 'delay': None, 'scheduled': '2024-09-16T04:50:00+00:00', 'estimated': '2024-09-16T04:50:00+00:00', 'actual': None, 'estimated_runway': None, 'actual_runway': None}","{'name': 'Thai Airways International', 'iata': 'TG', 'icao': 'THA'}","{'number': '661', 'iata': 'TG661', 'icao': 'THA661', 'codeshared': None}",,
2024-09-16,scheduled,"{'airport': 'Haneda Airport', 'timezone': 'Asia/Tokyo', 'iata': 'HND', 'icao': 'RJTT', 'terminal': '3', 'gate': None, 'delay': None, 'scheduled': '2024-09-16T00:20:00+00:00', 'estimated': '2024-09-16T00:20:00+00:00', 'actual': None, 'estimated_runway': None, 'actual_runway': None}","{'airport': 'Heathrow', 'timezone': 'Europe/London', 'iata': 'LHR', 'icao': 'EGLL', 'terminal': '3', 'gate': None, 'baggage': None, 'delay': None, 'scheduled': '2024-09-16T06:25:00+00:00', 'estimated': '2024-09-16T06:25:00+00:00', 'actual': None, 'estimated_runway': None, 'actual_runway': None}","{'name': 'JAL', 'iata': 'JL', 'icao': 'JAL'}","{'number': '41', 'iata': 'JL41', 'icao': 'JAL41', 'codeshared': None}",,
2024-09-16,scheduled,"{'airport': 'Brisbane International', 'timezone': 'Australia/Brisbane', 'iata': 'BNE', 'icao': 'YBBN', 'terminal': 'I', 'gate': None, 'delay': None, 'scheduled': '2024-09-16T00:55:00+00:00', 'estimated': '2024-09-16T00:55:00+00:00', 'actual': None, 'estimated_runway': None, 'actual_runway': None}","{'airport': 'Hong Kong International', 'timezone': 'Asia/Hong_Kong', 'iata': 'HKG', 'icao': 'VHHH', 'terminal': '1', 'gate': None, 'baggage': None, 'delay': None, 'scheduled': '2024-09-16T07:45:00+00:00', 'estimated': '2024-09-16T07:45:00+00:00', 'actual': None, 'estimated_runway': None, 'actual_runway': None}","{'name': 'Cathay Pacific', 'iata': 'CX', 'icao': 'CPA'}","{'number': '156', 'iata': 'CX156', 'icao': 'CPA156', 'codeshared': None}",,
